path,in_wix,in_wp,wix_title,wp_title,wix_meta,wp_meta,wix_h1,wp_h1,wix_canonical,wp_canonical,issues
/,True,True,Tennessee Cash For Homes | Sell My House For Cash!,,"Sell your house for cash with Tennessee Cash For Homes! We buy homes in any condition, ensuring a quick and easy process without the stress of repairs.",,Sell Your House Fast For Cash! | We Buy Houses As-Is for Cash,,https://www.tennesseecashforhomes.com,,WP_TITLE_MISSING|WP_META_MISSING|WP_H1_MISSING|WP_CANONICAL_MISSING
/100-image,False,True,,Tennessee Cash For Homes | Sell Your House Fast for Cash,,"Sell your Tennessee house fast for cash. No repairs, no fees, no commissions. Get a fair all-cash offer in 24 hours. Close in as little as 7 days. Family-owned Tennessee home buyers.",,Sell Your House Fast For Cash! | We Buy Houses As-Is for Cash,,https://nationcfh.wpcomstaging.com/,NEW_ON_WP
/2024/02/21/how-to-sell-your-house-for-cash,False,True,,How To Sell Your House For Cash - Tennessee Cash For Homes,,Sell Your House For Cash:,,How To Sell Your House For Cash,,https://nationcfh.wpcomstaging.com/2024/02/21/how-to-sell-your-house-for-cash/,NEW_ON_WP
/2024/02/21/tennessee-state-foreclosure-laws,False,True,,Tennessee State Foreclosure Laws - Tennessee Cash For Homes,,Understanding Tennessee Foreclosure Dynamics:,,Tennessee State Foreclosure Laws,,https://nationcfh.wpcomstaging.com/2024/02/21/tennessee-state-foreclosure-laws/,NEW_ON_WP
/2024/02/21/why-tennessee-cash-for-homes-is-the-best-choice-for-selling-your-home-in-tennessee,False,True,,Why Tennessee Cash For Homes is the Best Choice for Selling Your Home in Tennessee - Tennessee Cash For Homes,,"Are you a homeowner in Tennessee looking to sell your home? If so, you may be wondering which real estate company is the best choice for you. Look no further",,Why Tennessee Cash For Homes is the Best Choice for Selling Your Home in Tennessee,,https://nationcfh.wpcomstaging.com/2024/02/21/why-tennessee-cash-for-homes-is-the-best-choice-for-selling-your-home-in-tennessee/,NEW_ON_WP
/2024/02/22/comparing-the-benefits-real-estate-agent-vs-direct-sale-for-your-property,False,True,,Comparing the Benefits: Real Estate Agent vs. Direct Sale for Your Property - Tennessee Cash For Homes,,Deciding whether to sell your property for cash or through a realtor is a crucial choice that hinges on your unique circumstances. While there's no definitive,,Comparing the Benefits: Real Estate Agent vs. Direct Sale for Your Property,,https://nationcfh.wpcomstaging.com/2024/02/22/comparing-the-benefits-real-estate-agent-vs-direct-sale-for-your-property/,NEW_ON_WP
/2024/02/23/sell-your-house-fast-for-cash-a-step-by-step-guide-for-success,False,True,,Sell Your House Fast for Cash: A Step-by-Step Guide for Success - Tennessee Cash For Homes,,Sell Your House Fast For Cash:,,Sell Your House Fast for Cash: A Step-by-Step Guide for Success,,https://nationcfh.wpcomstaging.com/2024/02/23/sell-your-house-fast-for-cash-a-step-by-step-guide-for-success/,NEW_ON_WP
/2024/02/26/the-tennessee-foreclosure-process,False,True,,The Tennessee Foreclosure Process - Tennessee Cash For Homes,,"Entering preforeclosure is the initial stage of the foreclosure process, marked by a notice from the lender signaling the commencement of legal proceedings.",,The Tennessee Foreclosure Process,,https://nationcfh.wpcomstaging.com/2024/02/26/the-tennessee-foreclosure-process/,NEW_ON_WP
/2024/02/29/are-we-buy-homes-for-cash-legit,False,True,,Are We Buy Homes For Cash Legit - Tennessee Cash For Homes,,"When the time comes to part with a property, many default to the conventional method of involving a real estate agent and listing on the market. While this",,Are We Buy Homes For Cash Legit,,https://nationcfh.wpcomstaging.com/2024/02/29/are-we-buy-homes-for-cash-legit/,NEW_ON_WP
/2024/02/29/avoiding-common-home-selling-mistakes-a-comprehensive-guide-for-homeowners,False,True,,Avoiding Common Home Selling Mistakes: A Comprehensive Guide for Homeowners - Tennessee Cash For Homes,,"Selling your home is a substantial investment in both time and money. It is essential to approach this endeavor with a strategic mindset, steering clear of",,Avoiding Common Home Selling Mistakes: A Comprehensive Guide for Homeowners,,https://nationcfh.wpcomstaging.com/2024/02/29/avoiding-common-home-selling-mistakes-a-comprehensive-guide-for-homeowners/,NEW_ON_WP
/2024/02/29/fair-cash-offer-for-your-home-which-route-to-take,False,True,,Fair Cash Offer For Your Home: Which Route To Take - Tennessee Cash For Homes,,Which Path Will You Choose?,,Fair Cash Offer For Your Home: Which Route To Take,,https://nationcfh.wpcomstaging.com/2024/02/29/fair-cash-offer-for-your-home-which-route-to-take/,NEW_ON_WP
/2024/02/29/how-to-identify-the-top-cash-home-buyers-in-murfreesboro-tn,False,True,,"How to Identify the Top Cash Home Buyers in Murfreesboro, TN - Tennessee Cash For Homes",,"Experience a smoother real estate transaction by considering cash homebuyers. With shorter closing times, fewer uncertainties about loan approvals, and the",,"How to Identify the Top Cash Home Buyers in Murfreesboro, TN",,https://nationcfh.wpcomstaging.com/2024/02/29/how-to-identify-the-top-cash-home-buyers-in-murfreesboro-tn/,NEW_ON_WP
/2024/02/29/how-to-sell-your-house-fast,False,True,,How To Sell Your House Fast - Tennessee Cash For Homes,,Discover a seamless path to selling your house fast in Tennessee at Tennessee Cash For Homes. Whether it's an estate sale or you're seeking a fair price for,,How To Sell Your House Fast,,https://nationcfh.wpcomstaging.com/2024/02/29/how-to-sell-your-house-fast/,NEW_ON_WP
/2024/02/29/inheriting-a-house-that-is-paid-off-what-you-need-to-know,False,True,,Inheriting a House That is Paid Off: What You Need to Know - Tennessee Cash For Homes,,"Deciding the fate of an inherited home involves crucial choices, with options ranging from turning it into a rental property to selling it outright, each path",,Inheriting a House That is Paid Off: What You Need to Know,,https://nationcfh.wpcomstaging.com/2024/02/29/inheriting-a-house-that-is-paid-off-what-you-need-to-know/,NEW_ON_WP
/2024/02/29/mortgage-interest-rates-how-to-plan-in-2024,False,True,,Mortgage Interest Rates: How to Plan in 2024? - Tennessee Cash For Homes,,"As you step into the realm of buying or selling a house in 2024, the sheer volume of information available might feel overwhelming. Whether you're a",,Mortgage Interest Rates: How to Plan in 2024?,,https://nationcfh.wpcomstaging.com/2024/02/29/mortgage-interest-rates-how-to-plan-in-2024/,NEW_ON_WP
/2024/02/29/process-of-selling-your-house-for-cash-what-it-looks-like,False,True,,Process of Selling Your House for Cash: What It Looks Like - Tennessee Cash For Homes,,"When contemplating the sale of your house, the traditional path of working with a real estate company may seem like the default choice. However, in 2024, it's",,Process of Selling Your House for Cash: What It Looks Like,,https://nationcfh.wpcomstaging.com/2024/02/29/process-of-selling-your-house-for-cash-what-it-looks-like/,NEW_ON_WP
/2024/02/29/selling-homes-as-is-condition,False,True,,"Selling Homes ""As-Is"" Condition - Tennessee Cash For Homes",,"If the prospect of spending a fortune on updates before selling your home seems overwhelming, it's time to explore the benefits of selling to a cash buyer",,Selling Homes “As-Is” Condition,,https://nationcfh.wpcomstaging.com/2024/02/29/selling-homes-as-is-condition/,NEW_ON_WP
/2024/02/29/should-i-accept-a-cash-offer-for-my-house,False,True,,Should I Accept a Cash Offer For My House - Tennessee Cash For Homes,,"When it comes to the pivotal decision of selling your Murfreesboro home, the age-old method of engaging with a real estate company might be the go-to choice",,Should I Accept a Cash Offer For My House,,https://nationcfh.wpcomstaging.com/2024/02/29/should-i-accept-a-cash-offer-for-my-house/,NEW_ON_WP
/2024/02/29/the-modern-approach-to-property-sales-for-cash,False,True,,The Modern Approach to Property Sales For Cash - Tennessee Cash For Homes,,"The process of selling a house is a daily endeavor, and the timeline for each individual varies. While some may have the luxury of time, others need a swift",,The Modern Approach to Property Sales For Cash,,https://nationcfh.wpcomstaging.com/2024/02/29/the-modern-approach-to-property-sales-for-cash/,NEW_ON_WP
/2024/03/05/the-digital-shift-how-online-home-searches-impact-homebuying,False,True,,The Digital Shift: How Online Home Searches Impact Homebuying - Tennessee Cash For Homes,,"In the dynamic realm of real estate, the advent of technology has revolutionized the way people buy and sell homes. One significant statistic that underscores",,The Digital Shift: How Online Home Searches Impact Homebuying,,https://nationcfh.wpcomstaging.com/2024/03/05/the-digital-shift-how-online-home-searches-impact-homebuying/,NEW_ON_WP
/2024/03/05/the-growing-trend-of-cash-home-sales-a-closer-look-at-the-numbers,False,True,,The Growing Trend of Cash Home Sales: A Closer Look at the Numbers - Tennessee Cash For Homes,,"In the ever-evolving real estate market, one trend that has been gaining momentum is the rise in cash home sales. More homeowners are opting for the",,The Growing Trend of Cash Home Sales: A Closer Look at the Numbers,,https://nationcfh.wpcomstaging.com/2024/03/05/the-growing-trend-of-cash-home-sales-a-closer-look-at-the-numbers/,NEW_ON_WP
/2024/03/05/why-tennessee-homeowners-are-choosing-cash-sales-insights-from-tennessee-cash-for-homes,False,True,,Why Tennessee Homeowners Are Choosing Cash Sales: Insights from Tennessee Cash For Homes - Tennessee Cash For Homes,,"In the bustling real estate market of Tennessee, an increasing number of homeowners are opting for cash sales, a trend that's reshaping the traditional",,Why Tennessee Homeowners Are Choosing Cash Sales: Insights from Tennessee Cash For Homes,,https://nationcfh.wpcomstaging.com/2024/03/05/why-tennessee-homeowners-are-choosing-cash-sales-insights-from-tennessee-cash-for-homes/,NEW_ON_WP
/2024/03/06/the-role-of-junk-removal-services-in-streamlining-cash-home-sales-in-tennessee,False,True,,The Role of Junk Removal Services in Streamlining Cash Home Sales in Tennessee - Tennessee Cash For Homes,,"Selling a home for cash can be an appealing option for homeowners looking to bypass the traditional, often time-consuming real estate market. However,",,The Role of Junk Removal Services in Streamlining Cash Home Sales in Tennessee,,https://nationcfh.wpcomstaging.com/2024/03/06/the-role-of-junk-removal-services-in-streamlining-cash-home-sales-in-tennessee/,NEW_ON_WP
/2024/03/07/the-professional-choice-we-buy-houses-in-tennessee,False,True,,The Professional Choice: We Buy Houses in Tennessee - Tennessee Cash For Homes,,"When it comes to selling your house in Tennessee, choosing the right buyer is crucial. Enter the professionals at Tennessee Cash For Homes. As experienced and",,The Professional Choice: We Buy Houses in Tennessee,,https://nationcfh.wpcomstaging.com/2024/03/07/the-professional-choice-we-buy-houses-in-tennessee/,NEW_ON_WP
/2024/03/07/why-selling-your-house-for-cash-in-tennessee-is-the-smart-choice,False,True,,Why Selling Your House for Cash in Tennessee is the Smart Choice - Tennessee Cash For Homes,,"The real estate landscape in Tennessee is evolving, with more homeowners opting to sell their properties for cash. This trend is driven by the desire for a",,Why Selling Your House for Cash in Tennessee is the Smart Choice,,https://nationcfh.wpcomstaging.com/2024/03/07/why-selling-your-house-for-cash-in-tennessee-is-the-smart-choice/,NEW_ON_WP
/2024/03/08/selling-a-house-with-a-lien-in-tennessee-a-comprehensive-guide,False,True,,Selling a House with a Lien in Tennessee: A Comprehensive Guide - Tennessee Cash For Homes,,"Are you looking to sell your house in Tennessee but are concerned about a lien on your property? Selling a house with a lien can seem daunting, but it's a",,Selling a House with a Lien in Tennessee: A Comprehensive Guide,,https://nationcfh.wpcomstaging.com/2024/03/08/selling-a-house-with-a-lien-in-tennessee-a-comprehensive-guide/,NEW_ON_WP
/2024/03/08/top-reasons-to-sell-your-distressed-house-to-a-cash-home-buyer-in-tennessee,False,True,,Top Reasons to Sell Your Distressed House to a Cash Home Buyer in Tennessee - Tennessee Cash For Homes,,"Selling a distressed house can be a challenging and stressful experience. Traditional sales methods often fall short, leaving homeowners feeling frustrated",,Top Reasons to Sell Your Distressed House to a Cash Home Buyer in Tennessee,,https://nationcfh.wpcomstaging.com/2024/03/08/top-reasons-to-sell-your-distressed-house-to-a-cash-home-buyer-in-tennessee/,NEW_ON_WP
/2024/03/08/why-tennessee-cash-for-homes-is-your-best-choice-for-selling-ugly-houses,False,True,,Why Tennessee Cash For Homes is Your Best Choice for Selling Ugly Houses - Tennessee Cash For Homes,,"Selling an ugly house can be challenging, but it doesn't have to be. At Tennessee Cash For Homes, we specialize in buying houses in any condition, including",,Why Tennessee Cash For Homes is Your Best Choice for Selling Ugly Houses,,https://nationcfh.wpcomstaging.com/2024/03/08/why-tennessee-cash-for-homes-is-your-best-choice-for-selling-ugly-houses/,NEW_ON_WP
/2024/03/12/top-10-home-improvements-to-boost-your-property-s-value-before-selling,False,True,,Top 10 Home Improvements to Increase Your Property's Value Before Selling - Tennessee Cash For Homes,,"Selling your home can be a daunting task, but making a few strategic improvements can significantly enhance its appeal and value. If you're planning to put",,Top 10 Home Improvements to Increase Your Property’s Value Before Selling,,https://nationcfh.wpcomstaging.com/2024/03/12/top-10-home-improvements-to-boost-your-property-s-value-before-selling/,NEW_ON_WP
/2024/03/12/top-reasons-to-sell-your-house-for-cash-a-quick-and-hassle-free-guide,False,True,,Top Reasons To Sell Your House for Cash: A Quick and Hassle-Free Guide - Tennessee Cash For Homes,,"In today's fast-paced real estate market, selling your home for cash has become an increasingly popular option for homeowners looking to make a quick and",,Top Reasons To Sell Your House for Cash: A Quick and Hassle-Free Guide,,https://nationcfh.wpcomstaging.com/2024/03/12/top-reasons-to-sell-your-house-for-cash-a-quick-and-hassle-free-guide/,NEW_ON_WP
/2024/03/14/navigating-real-estate-transactions-with-promissory-notes-insights-from-tennessee-cash-for-homes,False,True,,Navigating Real Estate Transactions with Promissory Notes: Insights from Tennessee Cash For Homes - Tennessee Cash For Homes,,"In the ever-evolving landscape of real estate, promissory notes have emerged as a vital tool for facilitating transactions, offering flexibility and",,Navigating Real Estate Transactions with Promissory Notes: Insights from Tennessee Cash For Homes,,https://nationcfh.wpcomstaging.com/2024/03/14/navigating-real-estate-transactions-with-promissory-notes-insights-from-tennessee-cash-for-homes/,NEW_ON_WP
/2024/03/14/relocating-after-selling-your-house-with-tennessee-cash-for-homes-a-comprehensive-guide,False,True,,Relocating After Selling Your House with Tennessee Cash For Homes: A Comprehensive Guide - Tennessee Cash For Homes,,"Relocating after selling your house can be an exciting yet daunting experience. If you've recently sold your home to Tennessee Cash For Homes, you're likely",,Relocating After Selling Your House with Tennessee Cash For Homes: A Comprehensive Guide,,https://nationcfh.wpcomstaging.com/2024/03/14/relocating-after-selling-your-house-with-tennessee-cash-for-homes-a-comprehensive-guide/,NEW_ON_WP
/2024/03/16/the-difference-between-selling-your-house-with-an-agent-vs-selling-to-a-cash-buyer,False,True,,Knowing The Difference: Sell House Cash Buyer vs Agent - Tennessee Cash For Homes,,"When it comes to selling your house, you're faced with a crucial decision: should you sell through a real estate agent or opt for a cash buyer? Both methods",,Knowing The Difference: Sell House Cash Buyer vs Agent,,https://nationcfh.wpcomstaging.com/2024/03/16/the-difference-between-selling-your-house-with-an-agent-vs-selling-to-a-cash-buyer/,NEW_ON_WP
/2024/03/21/navigating-real-estate-decisions-selling-your-house-before-or-after-a-divorce,False,True,,Navigating Real Estate Decisions: Selling Your House Before or After a Divorce - Tennessee Cash For Homes,,"Divorce is a challenging and emotional process that often involves making difficult decisions, one of which is what to do with the marital home. Deciding",,Navigating Real Estate Decisions: Selling Your House Before or After a Divorce,,https://nationcfh.wpcomstaging.com/2024/03/21/navigating-real-estate-decisions-selling-your-house-before-or-after-a-divorce/,NEW_ON_WP
/2024/03/22/how-to-sell-a-house-with-water-damage-a-guide-for-tennessee-homeowners,False,True,,How to Sell a House With Water Damage: A Guide for Tennessee Homeowners - Tennessee Cash For Homes,,"Selling a house is a significant milestone, but it can become a challenging endeavor when the property has damp problems. In Tennessee, where the climate can",,How to Sell a House With Water Damage: A Guide for Tennessee Homeowners,,https://nationcfh.wpcomstaging.com/2024/03/22/how-to-sell-a-house-with-water-damage-a-guide-for-tennessee-homeowners/,NEW_ON_WP
/2024/03/22/navigating-the-financial-landscape-understanding-the-cost-of-living-in-murfreesboro-tennessee,False,True,,"Navigating the Financial Landscape: Understanding the Cost of Living in Murfreesboro, Tennessee - Tennessee Cash For Homes",,"Murfreesboro, Tennessee, is a city that has been attracting attention for its vibrant community, rich history, and promising economic growth. As more people",,"Navigating the Financial Landscape: Understanding the Cost of Living in Murfreesboro, Tennessee",,https://nationcfh.wpcomstaging.com/2024/03/22/navigating-the-financial-landscape-understanding-the-cost-of-living-in-murfreesboro-tennessee/,NEW_ON_WP
/2024/03/22/navigating-the-property-landscape-insights-into-clarksville-s-real-estate-market,False,True,,Navigating the Property Landscape: Insights into Clarksville's Real Estate Market - Tennessee Cash For Homes,,"Clarksville, Tennessee, is a city on the rise, known for its historic charm, military heritage, and rapidly growing real estate market. As the city continues",,Navigating the Property Landscape: Insights into Clarksville’s Real Estate Market,,https://nationcfh.wpcomstaging.com/2024/03/22/navigating-the-property-landscape-insights-into-clarksville-s-real-estate-market/,NEW_ON_WP
/2024/03/22/repairing-tenant-damage,False,True,,Repairing Tenant Damage In Your Rental Property - Tennessee Cash For Homes,,The Unwelcome Discovery,,Repairing Tenant Damage In Your Rental Property,,https://nationcfh.wpcomstaging.com/2024/03/22/repairing-tenant-damage/,NEW_ON_WP
/2024/03/22/the-cost-of-living-in-clarksville-tennessee,False,True,,"The Cost of Living in Clarksville, Tennessee - Tennessee Cash For Homes",,"Clarksville, Tennessee, is a city that boasts a unique blend of historical significance, military presence, and natural beauty. As more people consider making",,"The Cost of Living in Clarksville, Tennessee",,https://nationcfh.wpcomstaging.com/2024/03/22/the-cost-of-living-in-clarksville-tennessee/,NEW_ON_WP
/2024/03/25/lead-paint-understanding-the-risks-and-taking-action,False,True,,Lead Paint: Understanding the Risks and Taking Action - Tennessee Cash For Homes,,"Lead paint is a silent hazard lurking in many older homes, posing significant health risks, particularly to children. It's crucial for homeowners and",,Lead Paint: Understanding the Risks and Taking Action,,https://nationcfh.wpcomstaging.com/2024/03/25/lead-paint-understanding-the-risks-and-taking-action/,NEW_ON_WP
/2024/03/25/subject-to-deals-in-tennessee-a-comprehensive-guide,False,True,,Subject-To Deals in Tennessee: A Comprehensive Guide - Tennessee Cash For Homes,,"In the world of real estate investing, there are various strategies that investors use to acquire properties. One such strategy that has gained popularity,",,Subject-To Deals in Tennessee: A Comprehensive Guide,,https://nationcfh.wpcomstaging.com/2024/03/25/subject-to-deals-in-tennessee-a-comprehensive-guide/,NEW_ON_WP
/2024/03/25/the-difference-between-seller-financing-and-subject-to-a-comprehensive-guide-for-homeowner,False,True,,The Difference Between Seller Financing and Subject-To: A Comprehensive Guide for Homeowner - Tennessee Cash For Homes,,"When it comes to real estate transactions, traditional mortgages are not the only way to finance a property. Seller financing and ""Subject-To"" are",,The Difference Between Seller Financing and Subject-To: A Comprehensive Guide for Homeowner,,https://nationcfh.wpcomstaging.com/2024/03/25/the-difference-between-seller-financing-and-subject-to-a-comprehensive-guide-for-homeowner/,NEW_ON_WP
/2024/03/26/asbestos-in-tennessee-homes-risks-removal-and-how-tennessee-cash-for-homes-can-help,False,True,,"Asbestos in Tennessee Homes: Risks, Removal, and How Tennessee Cash For Homes Can Help - Tennessee Cash For Homes",,"Asbestos was once hailed as a miracle material for its fire-resistant properties, used extensively in building materials from the 1940s to the 1970s. However,",,"Asbestos in Tennessee Homes: Risks, Removal, and How Tennessee Cash For Homes Can Help",,https://nationcfh.wpcomstaging.com/2024/03/26/asbestos-in-tennessee-homes-risks-removal-and-how-tennessee-cash-for-homes-can-help/,NEW_ON_WP
/2024/03/26/mold-in-the-home-understanding-the-risks,False,True,,Mold in The Home: Understanding the Risks - Tennessee Cash For Homes,,"Mold is a common issue in homes, particularly in regions with high humidity levels like Tennessee. It can cause various health problems and damage to your",,Mold in The Home: Understanding the Risks,,https://nationcfh.wpcomstaging.com/2024/03/26/mold-in-the-home-understanding-the-risks/,NEW_ON_WP
/2024/03/26/radon-in-the-house-the-invisible-threat-in-tennessee-homes,False,True,,Radon in The House: The Invisible Threat in Tennessee Homes - Tennessee Cash For Homes,,"Radon in the house is a colorless, odorless, and tasteless radioactive gas that poses a significant health risk to homeowners. It is the second leading cause",,Radon in The House: The Invisible Threat in Tennessee Homes,,https://nationcfh.wpcomstaging.com/2024/03/26/radon-in-the-house-the-invisible-threat-in-tennessee-homes/,NEW_ON_WP
/2024/03/26/the-silent-killer-carbon-monoxide-in-tennessee-homes,False,True,,The Silent Killer: Carbon Monoxide in Tennessee Homes - Tennessee Cash For Homes,,"Carbon monoxide (CO) is often referred to as the ""silent killer"" because it is a colorless, odorless, and tasteless gas that can be fatal if inhaled",,The Silent Killer: Carbon Monoxide in Tennessee Homes,,https://nationcfh.wpcomstaging.com/2024/03/26/the-silent-killer-carbon-monoxide-in-tennessee-homes/,NEW_ON_WP
/2024/03/26/understanding-residential-septic-systems-a-guide-for-tennessee-homeowners,False,True,,Understanding Residential Septic Systems: A Guide for Tennessee Homeowners - Tennessee Cash For Homes,,"Residential septic systems are a crucial component of rural and suburban homes not connected to municipal sewage systems. In Tennessee, where many properties",,Understanding Residential Septic Systems: A Guide for Tennessee Homeowners,,https://nationcfh.wpcomstaging.com/2024/03/26/understanding-residential-septic-systems-a-guide-for-tennessee-homeowners/,NEW_ON_WP
/2024/04/07/navigating-probate-in-tennessee-a-simplified-guide,False,True,,Probate in Tennessee: Key Considerations and Steps - Tennessee Cash For Homes,,"The passing of a loved one is an emotionally taxing event, compounded by the daunting task of navigating through the legal proceedings of probate. Probate in",,Probate in Tennessee: Key Considerations and Steps,,https://nationcfh.wpcomstaging.com/2024/04/07/navigating-probate-in-tennessee-a-simplified-guide/,NEW_ON_WP
/2024/04/07/tennessee-title-transfer-for-cash-sales,False,True,,Simplify Tennessee Title Transfer for Cash Sales with Tennessee Cash For Homes - Tennessee Cash For Homes,,"Navigating the complexities of real estate transactions can be daunting, especially when it involves the crucial step of transferring property titles. This",,Simplify Tennessee Title Transfer for Cash Sales with Tennessee Cash For Homes,,https://nationcfh.wpcomstaging.com/2024/04/07/tennessee-title-transfer-for-cash-sales/,NEW_ON_WP
/2024/04/07/the-comprehensive-home-loan-guide-for-future-homeowners-in-tennessee,False,True,,The Comprehensive Home Loan Guide for Future Homeowners in Tennessee - Tennessee Cash For Homes,,"Embarking on the journey of purchasing a home is a hallmark of the American Dream, offering a unique blend of stability, investment, and personal fulfillment.",,The Comprehensive Home Loan Guide for Future Homeowners in Tennessee,,https://nationcfh.wpcomstaging.com/2024/04/07/the-comprehensive-home-loan-guide-for-future-homeowners-in-tennessee/,NEW_ON_WP
/2024/04/28/how-to-prepare-for-a-quick-home-sale-in-tennessee,False,True,,How to Prepare for a Quick Home Sale in Tennessee - Tennessee Cash For Homes,,"Selling your home can be a daunting task, especially if you’re looking to close the deal quickly. In Tennessee’s dynamic real estate market, preparing your",,How to Prepare for a Quick Home Sale in Tennessee,,https://nationcfh.wpcomstaging.com/2024/04/28/how-to-prepare-for-a-quick-home-sale-in-tennessee/,NEW_ON_WP
/2024/04/28/renovating-a-house-tips-that-increase-home-value-in-tennessee,False,True,,Renovating A House Tips To Increase Home Value in Tennessee - Tennessee Cash For Homes,,"The kitchen is often considered the heart of the home, and updates in this area can greatly influence a buyer's perception. Following renovating a house tips,",,Renovating A House Tips To Increase Home Value in Tennessee,,https://nationcfh.wpcomstaging.com/2024/04/28/renovating-a-house-tips-that-increase-home-value-in-tennessee/,NEW_ON_WP
/2024/04/28/selling-your-home-without-a-realtor-in-tennessee-a-step-by-step-guide,False,True,,Selling Your Home Without a Realtor in Tennessee: A Step-by-Step Guide - Tennessee Cash For Homes,,Navigating the Tennessee real estate market without the assistance of a realtor can be a rewarding challenge. Many homeowners choose to go this route to save,,Selling Your Home Without a Realtor in Tennessee: A Step-by-Step Guide,,https://nationcfh.wpcomstaging.com/2024/04/28/selling-your-home-without-a-realtor-in-tennessee-a-step-by-step-guide/,NEW_ON_WP
/2024/04/28/understanding-the-tennessee-real-estate-market-trends-and-predictions,False,True,,Understanding the Tennessee Real Estate Market: Trends and Predictions - Tennessee Cash For Homes,,The Tennessee real estate market has shown remarkable resilience and growth over the past few years. As more people discover the appealing blend of affordable,,Understanding the Tennessee Real Estate Market: Trends and Predictions,,https://nationcfh.wpcomstaging.com/2024/04/28/understanding-the-tennessee-real-estate-market-trends-and-predictions/,NEW_ON_WP
/2024/05/22/from-offer-to-closing-the-timeline-of-a-cash-home-sale-in-tennessee,False,True,,From Offer to Closing: The Timeline of a Cash Home Sale in Tennessee - Tennessee Cash For Homes,,"Selling a home can often be a daunting process, filled with uncertainties and lengthy procedures. However, opting for a cash sale can significantly streamline",,From Offer to Closing: The Timeline of a Cash Home Sale in Tennessee,,https://nationcfh.wpcomstaging.com/2024/05/22/from-offer-to-closing-the-timeline-of-a-cash-home-sale-in-tennessee/,NEW_ON_WP
/2024/05/22/high-interest-rates-why-now-is-the-right-time-to-sell-your-home,False,True,,High Interest Rates: Why Now is the Right Time to Sell Your Home - Tennessee Cash For Homes,,"In a climate of rising interest rates, homeowners and potential sellers are facing new challenges and opportunities in the real estate market. With the",,High Interest Rates: Why Now is the Right Time to Sell Your Home,,https://nationcfh.wpcomstaging.com/2024/05/22/high-interest-rates-why-now-is-the-right-time-to-sell-your-home/,NEW_ON_WP
/2024/05/22/navigating-the-tennessee-real-estate-market-a-guide-to-selling-your-home-fast,False,True,,Navigating the Tennessee Real Estate Market: A Guide to Selling Your Home Fast - Tennessee Cash For Homes,,"Selling Your Home Fast can be a daunting task, especially in a dynamic market like Tennessee's. Whether you're facing financial challenges, relocating for a",,Navigating the Tennessee Real Estate Market: A Guide to Selling Your Home Fast,,https://nationcfh.wpcomstaging.com/2024/05/22/navigating-the-tennessee-real-estate-market-a-guide-to-selling-your-home-fast/,NEW_ON_WP
/2024/05/22/selling-a-distressed-property-for-fast-cash-a-comprehensive-guide,False,True,,Selling a Distressed Property for Fast Cash: A Comprehensive Guide - Tennessee Cash For Homes,,"Selling a distressed property can be a daunting task for many homeowners. These properties, often in need of repairs or suffering from neglect, can be",,Selling a Distressed Property for Fast Cash: A Comprehensive Guide,,https://nationcfh.wpcomstaging.com/2024/05/22/selling-a-distressed-property-for-fast-cash-a-comprehensive-guide/,NEW_ON_WP
/2024/05/22/top-5-reasons-to-sell-your-home-to-a-cash-buyer-in-tennessee,False,True,,Top 5 Reasons to Sell Your Home to a Cash Buyer in Tennessee - Tennessee Cash For Homes,,"Selling a home can often be a lengthy and stressful process. However, for homeowners in Tennessee looking for a quick, hassle-free sale, cash buyers offer an",,Top 5 Reasons to Sell Your Home to a Cash Buyer in Tennessee,,https://nationcfh.wpcomstaging.com/2024/05/22/top-5-reasons-to-sell-your-home-to-a-cash-buyer-in-tennessee/,NEW_ON_WP
/2024/05/22/why-selling-your-house-quickly-might-be-your-best-option,False,True,,Why Selling Your House Quickly Might Be Your Best Option - Tennessee Cash For Homes,,"In today's dynamic real estate market, the decision to sell your home quickly can be both financially and emotionally beneficial. For many homeowners,",,Why Selling Your House Quickly Might Be Your Best Option,,https://nationcfh.wpcomstaging.com/2024/05/22/why-selling-your-house-quickly-might-be-your-best-option/,NEW_ON_WP
/2024/05/29/behind-on-mortgage-payments-a-homeowner-s-guide,False,True,,Behind on Mortgage Payments: A Homeowner's Guide - Tennessee Cash For Homes,,"Falling behind on mortgage payments can be a stressful and overwhelming experience. If you're struggling to keep up with your mortgage, it's important to",,Behind on Mortgage Payments: A Homeowner’s Guide,,https://nationcfh.wpcomstaging.com/2024/05/29/behind-on-mortgage-payments-a-homeowner-s-guide/,NEW_ON_WP
/2024/05/29/challenges-of-needing-to-relocate,False,True,,Challenges of Needing to Relocate - Tennessee Cash For Homes,,"Relocating can be an exciting yet daunting experience. Whether you're moving for a new job, to be closer to family, or for a change of scenery, the process",,Challenges of Needing to Relocate,,https://nationcfh.wpcomstaging.com/2024/05/29/challenges-of-needing-to-relocate/,NEW_ON_WP
/2024/05/29/downsizing-to-a-smaller-home-a-comprehensive-guide,False,True,,Downsizing to a Smaller Home: A Comprehensive Guide - Tennessee Cash For Homes,,"In recent years, the trend of downsizing to a smaller home has gained significant popularity among homeowners, particularly retirees and empty nesters. The",,Downsizing to a Smaller Home: A Comprehensive Guide,,https://nationcfh.wpcomstaging.com/2024/05/29/downsizing-to-a-smaller-home-a-comprehensive-guide/,NEW_ON_WP
/2024/05/29/managing-properties-with-large-liens,False,True,,Managing Properties with Large Liens - Tennessee Cash For Homes,,"Dealing with properties that have large liens can be a complicated and stressful situation. Whether it's due to unpaid taxes, contractor fees, or other debts,",,Managing Properties with Large Liens,,https://nationcfh.wpcomstaging.com/2024/05/29/managing-properties-with-large-liens/,NEW_ON_WP
/2024/05/29/navigating-bankruptcy-a-homeowner-s-guide,False,True,,Navigating Bankruptcy: A Homeowner's Guide - Tennessee Cash For Homes,,"Bankruptcy can be a challenging and stressful experience, especially for homeowners. Understanding the process and how it affects your home is crucial to",,Navigating Bankruptcy: A Homeowner’s Guide,,https://nationcfh.wpcomstaging.com/2024/05/29/navigating-bankruptcy-a-homeowner-s-guide/,NEW_ON_WP
/2024/05/29/planning-to-upgrade-a-guide-for-homeowners,False,True,,Planning to Upgrade: A Guide for Homeowners - Tennessee Cash For Homes,,"Upgrading to a new home is an exciting milestone, but it comes with its own set of challenges and considerations. Whether you need more space, desire modern",,Planning to Upgrade: A Guide for Homeowners,,https://nationcfh.wpcomstaging.com/2024/05/29/planning-to-upgrade-a-guide-for-homeowners/,NEW_ON_WP
/2024/05/29/selling-an-inherited-property-for-cash,False,True,,Selling An Inherited Property For Cash - Tennessee Cash For Homes,,Inheriting property can be both a blessing and a burden. Whether it's a family home filled with memories or a real estate asset with potential financial,,Selling An Inherited Property For Cash,,https://nationcfh.wpcomstaging.com/2024/05/29/selling-an-inherited-property-for-cash/,NEW_ON_WP
/2024/08/11/understanding-owner-financing-a-unique-way-to-sell-your-home,False,True,,Understanding Owner Financing: A Unique Way to Sell Your Home - Tennessee Cash For Homes,,"When it comes to selling your home, traditional methods often involve working with real estate agents, listing your property, and waiting for a buyer who can",,Understanding Owner Financing: A Unique Way to Sell Your Home,,https://nationcfh.wpcomstaging.com/2024/08/11/understanding-owner-financing-a-unique-way-to-sell-your-home/,NEW_ON_WP
/2024/10/12/the-pros-and-cons-of-selling-your-home-for-cash,False,True,,The Pros and Cons of Selling Your Home for Cash - Tennessee Cash For Homes,,"One of the most significant advantages of selling your home for cash is the speed at which the transaction can be completed. Unlike traditional sales, which",,The Pros and Cons of Selling Your Home for Cash,,https://nationcfh.wpcomstaging.com/2024/10/12/the-pros-and-cons-of-selling-your-home-for-cash/,NEW_ON_WP
/2024/10/12/why-cash-for-homes-is-the-easiest-way-to-sell-your-property-in-tennessee,False,True,,"Why ""Cash For Homes"" Is the Easiest Way to Sell Your Property in Tennessee - Tennessee Cash For Homes",,"Selling a house can be a daunting experience, filled with countless showings, endless paperwork, and the uncertainty of waiting for the right buyer. However,",,Why “Cash For Homes” Is the Easiest Way to Sell Your Property in Tennessee,,https://nationcfh.wpcomstaging.com/2024/10/12/why-cash-for-homes-is-the-easiest-way-to-sell-your-property-in-tennessee/,NEW_ON_WP
/2024/12/07/should-i-sell-my-house-subject-to,False,True,,Should I Sell My House Subject-To? - Tennessee Cash For Homes,,"If you’re looking for a quick, hassle-free way to sell your house in Tennessee, you may have come across the term ""Subject-To."" This creative real",,Should I Sell My House Subject-To?,,https://nationcfh.wpcomstaging.com/2024/12/07/should-i-sell-my-house-subject-to/,NEW_ON_WP
/2024/12/10/top-5-reasons-tennessee-homeowners-are-selling-for-cash-in-2025,False,True,,Top 5 Reasons Tennessee Homeowners Are Selling for Cash in 2025 - Tennessee Cash For Homes,,"In 2025, more Tennessee homeowners are choosing to sell their homes for cash than ever before. Whether it's to save time, avoid stress, or handle unexpected",,Top 5 Reasons Tennessee Homeowners Are Selling for Cash in 2025,,https://nationcfh.wpcomstaging.com/2024/12/10/top-5-reasons-tennessee-homeowners-are-selling-for-cash-in-2025/,NEW_ON_WP
/2024/12/13/the-hidden-costs-of-selling-your-home-the-traditional-way,False,True,,The Hidden Costs of Selling Your Home the Traditional Way - Tennessee Cash For Homes,,"Selling your home through traditional methods may seem like the most profitable option, but many homeowners are surprised by the hidden costs involved. From",,The Hidden Costs of Selling Your Home the Traditional Way,,https://nationcfh.wpcomstaging.com/2024/12/13/the-hidden-costs-of-selling-your-home-the-traditional-way/,NEW_ON_WP
/2024/12/19/how-to-sell-your-house-fast-in-tennessee,False,True,,How to Sell Your House Fast in Tennessee - Tennessee Cash For Homes,,"Selling your house can be a daunting and time-consuming process. From finding a reliable buyer to navigating the paperwork, the journey often feels",,How to Sell Your House Fast in Tennessee,,https://nationcfh.wpcomstaging.com/2024/12/19/how-to-sell-your-house-fast-in-tennessee/,NEW_ON_WP
/2024/12/19/top-reasons-homeowners-choose-cash-buyers-in-tennessee-over-realtors,False,True,,Top Reasons Homeowners Choose Cash Buyers in Tennessee Over Realtors - Tennessee Cash For Homes,,"Selling your home can be a stressful process, and for many Tennessee homeowners, the traditional route of working with a realtor doesn’t always fit their",,Top Reasons Homeowners Choose Cash Buyers in Tennessee Over Realtors,,https://nationcfh.wpcomstaging.com/2024/12/19/top-reasons-homeowners-choose-cash-buyers-in-tennessee-over-realtors/,NEW_ON_WP
/2024/12/21/how-foreclosure-affects-your-credit-score-and-what-to-do-about-it,False,True,,How Foreclosure Affects Your Credit Score and What to Do About It - Tennessee Cash For Homes,,"Foreclosure is one of the most stressful situations a homeowner can face. The prospect of losing your home can feel overwhelming, and the financial",,How Foreclosure Affects Your Credit Score and What to Do About It,,https://nationcfh.wpcomstaging.com/2024/12/21/how-foreclosure-affects-your-credit-score-and-what-to-do-about-it/,NEW_ON_WP
/2024/12/21/selling-a-hoarder-home-for-cash-a-step-by-step-guide-for-tennessee-homeowners,False,True,,Selling a Hoarder Home for Cash: A Step-by-Step Guide for Tennessee Homeowners - Tennessee Cash For Homes,,"Selling a hoarder home can feel like an overwhelming task, but it doesn’t have to be. These types of properties, often marked by excessive clutter and",,Selling a Hoarder Home for Cash: A Step-by-Step Guide for Tennessee Homeowners,,https://nationcfh.wpcomstaging.com/2024/12/21/selling-a-hoarder-home-for-cash-a-step-by-step-guide-for-tennessee-homeowners/,NEW_ON_WP
/2024/12/21/selling-your-fire-damaged-home-for-cash-in-tennessee,False,True,,Selling Your Fire-Damaged Home for Cash in Tennessee - Tennessee Cash For Homes,,"Experiencing a house fire is an incredibly stressful event, leaving homeowners to face not only emotional trauma but also the financial and logistical",,Selling Your Fire-Damaged Home for Cash in Tennessee,,https://nationcfh.wpcomstaging.com/2024/12/21/selling-your-fire-damaged-home-for-cash-in-tennessee/,NEW_ON_WP
/2024/12/25/how-to-sell-a-home-in-tennessee-fast-tips-for-2025,False,True,,How to Sell a Home in Tennessee Fast: Tips for 2025 - Tennessee Cash For Homes,,"Selling your home quickly in Tennessee can feel like a daunting task, but with the right strategies, it’s entirely achievable. Whether you're facing financial",,How to Sell a Home in Tennessee Fast: Tips for 2025,,https://nationcfh.wpcomstaging.com/2024/12/25/how-to-sell-a-home-in-tennessee-fast-tips-for-2025/,NEW_ON_WP
/2024/12/31/selling-a-house-in-poor-condition-unlocking-the-value-of-as-is-sales,False,True,,Selling a House in Poor Condition: Unlocking the Value of “As-Is” Sales - Tennessee Cash For Homes,,"Selling a house that’s seen better days can seem like a daunting task. Whether it’s due to structural issues, outdated interiors, or years of neglect,",,Selling a House in Poor Condition: Unlocking the Value of “As-Is” Sales,,https://nationcfh.wpcomstaging.com/2024/12/31/selling-a-house-in-poor-condition-unlocking-the-value-of-as-is-sales/,NEW_ON_WP
/2024/12/31/why-2025-is-the-best-year-to-sell-your-home-with-tennessee-cash-for-homes,False,True,,Why 2025 Is the Best Year to Sell Your Home with Tennessee Cash For Homes - Tennessee Cash For Homes,,"As we step into 2025, the real estate landscape in Tennessee is evolving, creating new opportunities for homeowners. Whether you’re looking to sell a",,Why 2025 Is the Best Year to Sell Your Home with Tennessee Cash For Homes,,https://nationcfh.wpcomstaging.com/2024/12/31/why-2025-is-the-best-year-to-sell-your-home-with-tennessee-cash-for-homes/,NEW_ON_WP
/2025/01/06/selling-a-home-with-code-violations-a-guide-for-tennessee-homeowners,False,True,,Selling a Home with Code Violations: A Guide for Tennessee Homeowners - Tennessee Cash For Homes,,"Navigating the probate process while selling a house can be complex and overwhelming. Whether you're inheriting a property or acting as an executor,",,Selling a Home with Code Violations: A Guide for Tennessee Homeowners,,https://nationcfh.wpcomstaging.com/2025/01/06/selling-a-home-with-code-violations-a-guide-for-tennessee-homeowners/,NEW_ON_WP
/2025/01/06/selling-a-house-in-probate-a-complete-guide-for-tennessee-homeowners,False,True,,Selling a House in Probate: A Complete Guide for Tennessee Homeowners - Tennessee Cash For Homes,,"Navigating the probate process while selling a house can be complex and overwhelming. Whether you're inheriting a property or acting as an executor,",,Selling a House in Probate: A Complete Guide for Tennessee Homeowners,,https://nationcfh.wpcomstaging.com/2025/01/06/selling-a-house-in-probate-a-complete-guide-for-tennessee-homeowners/,NEW_ON_WP
/2025/01/29/how-to-sell-your-house-fast-in-tennessee-insider-tips-for-a-quick-hassle-free-sale,False,True,,"How to Sell Your House Fast in Tennessee: Insider Tips for a Quick, Hassle-Free Sale - Tennessee Cash For Homes",,"Selling a house can be a stressful and time-consuming process, especially if you need to sell quickly. Whether you’re relocating, dealing with financial",,"How to Sell Your House Fast in Tennessee: Insider Tips for a Quick, Hassle-Free Sale",,https://nationcfh.wpcomstaging.com/2025/01/29/how-to-sell-your-house-fast-in-tennessee-insider-tips-for-a-quick-hassle-free-sale/,NEW_ON_WP
/2025/01/29/selling-a-house-with-foundation-issues-in-tennessee-what-homeowners-need-to-know,False,True,,Selling a House with Foundation Issues in Tennessee: What Homeowners Need to Know - Tennessee Cash For Homes,,"Selling a home with foundation issues can be a daunting challenge for Tennessee homeowners. Whether your home has minor cracks or major structural damage,",,Selling a House with Foundation Issues in Tennessee: What Homeowners Need to Know,,https://nationcfh.wpcomstaging.com/2025/01/29/selling-a-house-with-foundation-issues-in-tennessee-what-homeowners-need-to-know/,NEW_ON_WP
/2025/02/05/selling-a-vacant-house-in-tennessee-challenges-solutions-and-how-to-simplify-the-process,False,True,,"Selling a Vacant House in Tennessee: Challenges, Solutions, and How to Simplify the Process - Tennessee Cash For Homes",,Selling a vacant house in Tennessee comes with its own set of challenges that many homeowners don’t anticipate. While an empty home might seem easier to sell,,"Selling a Vacant House in Tennessee: Challenges, Solutions, and How to Simplify the Process",,https://nationcfh.wpcomstaging.com/2025/02/05/selling-a-vacant-house-in-tennessee-challenges-solutions-and-how-to-simplify-the-process/,NEW_ON_WP
/2025/02/05/the-emotional-side-of-selling-your-home-what-tennessee-homeowners-should-know,False,True,,The Emotional Side of Selling Your Home: What Tennessee Homeowners Should Know - Tennessee Cash For Homes,,"Selling a home is often seen purely as a financial transaction—a process involving paperwork, negotiations, and the logistics of moving. However, for many",,The Emotional Side of Selling Your Home: What Tennessee Homeowners Should Know,,https://nationcfh.wpcomstaging.com/2025/02/05/the-emotional-side-of-selling-your-home-what-tennessee-homeowners-should-know/,NEW_ON_WP
/2025/02/11/selling-your-home-due-to-financial-hardship-a-tennessee-homeowner-s-guide,False,True,,Selling Your Home Due to Financial Hardship: A Tennessee Homeowner’s Guide - Tennessee Cash For Homes,,"Financial hardship can strike at any time, whether due to job loss, mounting debt, medical bills, or unexpected expenses. For homeowners in Tennessee facing",,Selling Your Home Due to Financial Hardship: A Tennessee Homeowner’s Guide,,https://nationcfh.wpcomstaging.com/2025/02/11/selling-your-home-due-to-financial-hardship-a-tennessee-homeowner-s-guide/,NEW_ON_WP
/2025/02/23/selling-your-home-in-tennessee-understanding-market-trends-and-cash-sale-benefits,False,True,,Selling Your Home in Tennessee: Understanding Market Trends and Cash Sale Benefits - Tennessee Cash For Homes,,"The Tennessee real estate market is constantly evolving, and homeowners looking to sell their properties must navigate shifting trends, interest rates, and",,Selling Your Home in Tennessee: Understanding Market Trends and Cash Sale Benefits,,https://nationcfh.wpcomstaging.com/2025/02/23/selling-your-home-in-tennessee-understanding-market-trends-and-cash-sale-benefits/,NEW_ON_WP
/2025/03/31/selling-a-house-with-structural-damage-in-tennessee-what-homeowners-need-to-know,False,True,,Selling a House with Structural Damage in Tennessee: What Homeowners Need to Know - Tennessee Cash For Homes,,"When it comes to selling a home, most sellers hope for a smooth process, a fair offer, and minimal hassle. But what happens when your property has serious",,Selling a House with Structural Damage in Tennessee: What Homeowners Need to Know,,https://nationcfh.wpcomstaging.com/2025/03/31/selling-a-house-with-structural-damage-in-tennessee-what-homeowners-need-to-know/,NEW_ON_WP
/2025/03/31/selling-a-rental-property-with-problem-tenants-in-tennessee-what-landlords-need-to-know,False,True,,Selling a Rental Property with Problem Tenants in Tennessee: What Landlords Need to Know - Tennessee Cash For Homes,,"Owning a rental property in Tennessee can be a great investment, but it’s not always smooth sailing. Problem tenants, those who refuse to pay rent, damage the",,Selling a Rental Property with Problem Tenants in Tennessee: What Landlords Need to Know,,https://nationcfh.wpcomstaging.com/2025/03/31/selling-a-rental-property-with-problem-tenants-in-tennessee-what-landlords-need-to-know/,NEW_ON_WP
/2025/04/11/navigating-tennessee-s-2025-property-tax-changes-what-homeowners-need-to-know,False,True,,Navigating Tennessee's 2025 Property Tax Changes: What Homeowners Need to Know - Tennessee Cash For Homes,,"As we move through 2025, Tennessee homeowners are facing a series of property tax changes that could significantly impact their financial outlook. Whether",,Navigating Tennessee’s 2025 Property Tax Changes: What Homeowners Need to Know,,https://nationcfh.wpcomstaging.com/2025/04/11/navigating-tennessee-s-2025-property-tax-changes-what-homeowners-need-to-know/,NEW_ON_WP
/2025/04/23/selling-your-house-in-tennessee-in-2025-what-homeowners-need-to-know-for-a-successful-sale,False,True,,Selling Your House in Tennessee in 2025: What Homeowners Need to Know for a Successful Sale - Tennessee Cash For Homes,,"Selling a house is rarely a straightforward decision. For homeowners in Tennessee, the 2025 real estate market brings a wave of changes that demand attention",,Selling Your House in Tennessee in 2025: What Homeowners Need to Know for a Successful Sale,,https://nationcfh.wpcomstaging.com/2025/04/23/selling-your-house-in-tennessee-in-2025-what-homeowners-need-to-know-for-a-successful-sale/,NEW_ON_WP
/2025/05/13/selling-your-house-for-cash-in-tennessee-a-comprehensive-guide-for-2025,False,True,,Selling Your House for Cash in Tennessee: A Comprehensive Guide for 2025 - Tennessee Cash For Homes,,"Selling a home is a significant decision, and in Tennessee, homeowners are increasingly exploring the benefits of cash sales. Whether you're facing financial",,Selling Your House for Cash in Tennessee: A Comprehensive Guide for 2025,,https://nationcfh.wpcomstaging.com/2025/05/13/selling-your-house-for-cash-in-tennessee-a-comprehensive-guide-for-2025/,NEW_ON_WP
/2025/05/13/what-happens-when-you-inherit-a-house-with-a-mortgage-in-tennessee,False,True,,What Happens When You Inherit a House With a Mortgage in Tennessee? - Tennessee Cash For Homes,,"Inheriting a house can be a bittersweet experience. While it may feel like a generous and heartfelt gift from a loved one, it often comes with complex",,What Happens When You Inherit a House With a Mortgage in Tennessee?,,https://nationcfh.wpcomstaging.com/2025/05/13/what-happens-when-you-inherit-a-house-with-a-mortgage-in-tennessee/,NEW_ON_WP
/2025/05/14/navigating-the-2025-tennessee-real-estate-market-a-comprehensive-guide-for-sellers,False,True,,Navigating the 2025 Tennessee Real Estate Market: A Comprehensive Guide for Sellers - Tennessee Cash For Homes,,"The Tennessee real estate landscape in 2025 presents a dynamic environment for homeowners considering selling their properties. With shifting market trends,",,Navigating the 2025 Tennessee Real Estate Market: A Comprehensive Guide for Sellers,,https://nationcfh.wpcomstaging.com/2025/05/14/navigating-the-2025-tennessee-real-estate-market-a-comprehensive-guide-for-sellers/,NEW_ON_WP
/2025/05/14/what-happens-when-you-sell-a-home-in-pre-foreclosure-in-tennessee,False,True,,What Happens When You Sell a Home in Pre-Foreclosure in Tennessee? - Tennessee Cash For Homes,,"Selling a home is never easy, especially when it's under financial distress. For homeowners in Tennessee facing pre-foreclosure, the situation may feel",,What Happens When You Sell a Home in Pre-Foreclosure in Tennessee?,,https://nationcfh.wpcomstaging.com/2025/05/14/what-happens-when-you-sell-a-home-in-pre-foreclosure-in-tennessee/,NEW_ON_WP
/2025/08/08/selling-a-house-after-a-failed-inspection-in-tennessee-your-guide-to-moving-forward,False,True,,Selling a House After a Failed Inspection in Tennessee: Your Guide to Moving Forward - Tennessee Cash For Homes,,"For many Tennessee homeowners, putting a house on the market is the start of an exciting new chapter. But that excitement can turn to frustration when the",,Selling a House After a Failed Inspection in Tennessee: Your Guide to Moving Forward,,https://nationcfh.wpcomstaging.com/2025/08/08/selling-a-house-after-a-failed-inspection-in-tennessee-your-guide-to-moving-forward/,NEW_ON_WP
/2025/08/08/selling-a-house-with-unpermitted-work-in-tennessee-a-complete-guide-to-your-options,False,True,,Selling a House with Unpermitted Work in Tennessee: A Complete Guide to Your Options - Tennessee Cash For Homes,,Discovering that your home has unpermitted work can feel like hitting a brick wall right when you’re ready to sell. Many Tennessee homeowners don’t even,,Selling a House with Unpermitted Work in Tennessee: A Complete Guide to Your Options,,https://nationcfh.wpcomstaging.com/2025/08/08/selling-a-house-with-unpermitted-work-in-tennessee-a-complete-guide-to-your-options/,NEW_ON_WP
/2025/08/08/selling-your-tennessee-home-for-cash-how-the-seasons-impact-your-sale,False,True,,Selling Your Tennessee Home for Cash: How the Seasons Impact Your Sale - Tennessee Cash For Homes,,"Selling your home in Tennessee can be a major decision, and while many people focus on location, price, and presentation, there’s another factor that can have",,Selling Your Tennessee Home for Cash: How the Seasons Impact Your Sale,,https://nationcfh.wpcomstaging.com/2025/08/08/selling-your-tennessee-home-for-cash-how-the-seasons-impact-your-sale/,NEW_ON_WP
/2025/12/04/how-to-know-when-selling-your-home-for-cash-makes-sense-in-2025,False,True,,How to Know When Selling Your Home for Cash Makes Sense in 2025 - Tennessee Cash For Homes,,"The housing market in Tennessee in 2025 is unlike what many homeowners experienced just a few years ago. According to recent data, the typical home value in",,How to Know When Selling Your Home for Cash Makes Sense in 2025,,https://nationcfh.wpcomstaging.com/2025/12/04/how-to-know-when-selling-your-home-for-cash-makes-sense-in-2025/,NEW_ON_WP
/2025/12/21/do-i-have-to-pay-taxes-on-money-made-from-selling-my-home-a-guide-for-tennessee-homeowners,False,True,,Do I Have to Pay Taxes on Money Made from Selling My Home? A Guide for Tennessee Homeowners - Tennessee Cash For Homes,,"Short Answer: You may have to pay taxes on the profit from selling your home, but many homeowners qualify for a capital gains tax exclusion of up to $250,000",,Do I Have to Pay Taxes on Money Made from Selling My Home? A Guide for Tennessee Homeowners,,https://nationcfh.wpcomstaging.com/2025/12/21/do-i-have-to-pay-taxes-on-money-made-from-selling-my-home-a-guide-for-tennessee-homeowners/,NEW_ON_WP
/2025/12/21/is-selling-your-home-for-cash-a-good-idea-a-complete-guide-for-tennessee-homeowners,False,True,,Is Selling Your Home for Cash a Good Idea? A Complete Guide for Tennessee Homeowners - Tennessee Cash For Homes,,"Selling your home is never a one-size-fits-all decision. For many homeowners in Tennessee, the option to sell for cash has gained popularity as a streamlined,",,Is Selling Your Home for Cash a Good Idea? A Complete Guide for Tennessee Homeowners,,https://nationcfh.wpcomstaging.com/2025/12/21/is-selling-your-home-for-cash-a-good-idea-a-complete-guide-for-tennessee-homeowners/,NEW_ON_WP
/2025/12/21/what-not-to-say-when-selling-a-house-avoid-these-common-seller-mistakes,False,True,,What Not to Say When Selling a House: Avoid These Common Seller Mistakes - Tennessee Cash For Homes,,"Short Answer: When selling your house, avoid saying things like “we’re not in a hurry to sell,” “we had problems but fixed them,” or “we’re flexible on",,What Not to Say When Selling a House: Avoid These Common Seller Mistakes,,https://nationcfh.wpcomstaging.com/2025/12/21/what-not-to-say-when-selling-a-house-avoid-these-common-seller-mistakes/,NEW_ON_WP
/2026/01/24/tennessee-ice-storm-damage-and-what-it-means-for-the-real-estate-market,False,True,,Tennessee Ice Storm Damage and What It Means for the Real Estate Market - Tennessee Cash For Homes,,"As Tennessee prepares for what meteorologists are calling a potentially historic ice storm, residents and industries alike are monitoring every forecast",,Tennessee Ice Storm Damage and What It Means for the Real Estate Market,,https://nationcfh.wpcomstaging.com/2026/01/24/tennessee-ice-storm-damage-and-what-it-means-for-the-real-estate-market/,NEW_ON_WP
/2026/01/24/zillow-is-lying-about-your-home-s-value-the-zestimate-does-not-determine-your-home-s-value,False,True,,Zillow Is Lying About Your Home’s Value The Zestimate Does Not Determine Your Home’s Value - Tennessee Cash For Homes,,If you have ever looked up your home online and seen a number pop up that claims to represent its worth you have likely encountered what Zillow calls a,,Zillow Is Lying About Your Home’s Value The Zestimate Does Not Determine Your Home’s Value,,https://nationcfh.wpcomstaging.com/2026/01/24/zillow-is-lying-about-your-home-s-value-the-zestimate-does-not-determine-your-home-s-value/,NEW_ON_WP
/about,True,True,Tennessee Cash For Homes | About,About Tennessee Cash For Homes | Family Owned Tennessee Cash Home Buyers,"Learn more about Tennessee Cash For Homes, your trusted partner for fast, hassle-free cash sales with fair offers and excellent service.","Tennessee Cash For Homes is a Christian based, family owned cash home buying company with 9+ years of experience, a 5-Star Google rating, and an A+ BBB accreditation. Serving all of Tennessee.",About Tennessee Cash For Homes,"A Tennessee Company Built on Trust, Faith, and Family",https://www.tennesseecashforhomes.com/about,https://nationcfh.wpcomstaging.com/about/,TITLE_MISMATCH|META_MISMATCH|H1_MISMATCH
/are-we-buy-homes-for-cash-legit,False,True,,Tennessee Cash For Homes | Sell Your House Fast for Cash,,"Sell your Tennessee house fast for cash. No repairs, no fees, no commissions. Get a fair all-cash offer in 24 hours. Close in as little as 7 days. Family-owned Tennessee home buyers.",,Sell Your House Fast For Cash! | We Buy Houses As-Is for Cash,,https://nationcfh.wpcomstaging.com/,NEW_ON_WP
/asbestos-in-tennessee-homes-risks-removal-and-how-tennessee-cash-for-homes-can-help,False,True,,Tennessee Cash For Homes | Sell Your House Fast for Cash,,"Sell your Tennessee house fast for cash. No repairs, no fees, no commissions. Get a fair all-cash offer in 24 hours. Close in as little as 7 days. Family-owned Tennessee home buyers.",,Sell Your House Fast For Cash! | We Buy Houses As-Is for Cash,,https://nationcfh.wpcomstaging.com/,NEW_ON_WP
/avoiding-common-home-selling-mistakes-a-comprehensive-guide-for-homeowners,False,True,,Tennessee Cash For Homes | Sell Your House Fast for Cash,,"Sell your Tennessee house fast for cash. No repairs, no fees, no commissions. Get a fair all-cash offer in 24 hours. Close in as little as 7 days. Family-owned Tennessee home buyers.",,Sell Your House Fast For Cash! | We Buy Houses As-Is for Cash,,https://nationcfh.wpcomstaging.com/,NEW_ON_WP
/behind-on-mortgage-payments-a-homeowners-guide,False,True,,Tennessee Cash For Homes | Sell Your House Fast for Cash,,"Sell your Tennessee house fast for cash. No repairs, no fees, no commissions. Get a fair all-cash offer in 24 hours. Close in as little as 7 days. Family-owned Tennessee home buyers.",,Sell Your House Fast For Cash! | We Buy Houses As-Is for Cash,,https://nationcfh.wpcomstaging.com/,NEW_ON_WP
/birddog-9,False,True,,Tennessee Cash For Homes | Sell Your House Fast for Cash,,"Sell your Tennessee house fast for cash. No repairs, no fees, no commissions. Get a fair all-cash offer in 24 hours. Close in as little as 7 days. Family-owned Tennessee home buyers.",,Sell Your House Fast For Cash! | We Buy Houses As-Is for Cash,,https://nationcfh.wpcomstaging.com/,NEW_ON_WP
/birddog-9-2,False,True,,Tennessee Cash For Homes | Sell Your House Fast for Cash,,"Sell your Tennessee house fast for cash. No repairs, no fees, no commissions. Get a fair all-cash offer in 24 hours. Close in as little as 7 days. Family-owned Tennessee home buyers.",,Sell Your House Fast For Cash! | We Buy Houses As-Is for Cash,,https://nationcfh.wpcomstaging.com/,NEW_ON_WP
/black-labrador-birddog-image,False,True,,Tennessee Cash For Homes | Sell Your House Fast for Cash,,"Sell your Tennessee house fast for cash. No repairs, no fees, no commissions. Get a fair all-cash offer in 24 hours. Close in as little as 7 days. Family-owned Tennessee home buyers.",,Sell Your House Fast For Cash! | We Buy Houses As-Is for Cash,,https://nationcfh.wpcomstaging.com/,NEW_ON_WP
/blog,True,False,Tennessee Cash For Homes | Real Estate Blog,,"Discover top insights and tips on real estate in Tennessee with Tennessee Cash For Homes Blog. Stay updated on the latest trends, advice, and news for homeowners and investors looking to buy or sell properties in the Volunteer State. Click to read more!",,"Discover valuable tips, expert recommendations, and essential resources to expedite the sale of your Nashville home! Unlock insights on swift house selling in Nashville with our comprehensive guidance.",,https://www.tennesseecashforhomes.com/blog,,MISSING_ON_WP
/blog-home,True,True,Real Estate Tips & Market Insights | Read Our Blog,Blog Home - Tennessee Cash For Homes,Stay informed with expert real estate tips market insights and home selling advice. Read our latest blog posts and stay ahead.,,Blog,Insights & Resources,https://www.tennesseecashforhomes.com/blog-home,https://nationcfh.wpcomstaging.com/2026/01/24/tennessee-ice-storm-damage-and-what-it-means-for-the-real-estate-market/,WP_META_MISSING|TITLE_MISMATCH|H1_MISMATCH|WP_CANONICAL_PATH_MISMATCH
/challenges-of-needing-to-relocate,False,True,,Tennessee Cash For Homes | Sell Your House Fast for Cash,,"Sell your Tennessee house fast for cash. No repairs, no fees, no commissions. Get a fair all-cash offer in 24 hours. Close in as little as 7 days. Family-owned Tennessee home buyers.",,Sell Your House Fast For Cash! | We Buy Houses As-Is for Cash,,https://nationcfh.wpcomstaging.com/,NEW_ON_WP
/comparing-the-benefits-real-estate-agent-vs-direct-sale-for-your-property,False,True,,Tennessee Cash For Homes | Sell Your House Fast for Cash,,"Sell your Tennessee house fast for cash. No repairs, no fees, no commissions. Get a fair all-cash offer in 24 hours. Close in as little as 7 days. Family-owned Tennessee home buyers.",,Sell Your House Fast For Cash! | We Buy Houses As-Is for Cash,,https://nationcfh.wpcomstaging.com/,NEW_ON_WP
/contact-us,False,True,,Contact Us - Tennessee Cash For Homes,,"Contact Send a Mail info@example.com info@example.com Make a Call +1 2345 678 Mon – Sat: 09am – 08pm Main Office San Francisco, CA 20 Reynolds Neck Str-50121 Get In Touch...",,Contact Us,,https://nationcfh.wpcomstaging.com/contact-us/,NEW_ON_WP
/do-i-have-to-pay-taxes-on-money-made-from-selling-my-home-a-guide-for-tennessee-homeowners,False,True,,Tennessee Cash For Homes | Sell Your House Fast for Cash,,"Sell your Tennessee house fast for cash. No repairs, no fees, no commissions. Get a fair all-cash offer in 24 hours. Close in as little as 7 days. Family-owned Tennessee home buyers.",,Sell Your House Fast For Cash! | We Buy Houses As-Is for Cash,,https://nationcfh.wpcomstaging.com/,NEW_ON_WP
/downsizing-to-a-smaller-home-a-comprehensive-guide,False,True,,Tennessee Cash For Homes | Sell Your House Fast for Cash,,"Sell your Tennessee house fast for cash. No repairs, no fees, no commissions. Get a fair all-cash offer in 24 hours. Close in as little as 7 days. Family-owned Tennessee home buyers.",,Sell Your House Fast For Cash! | We Buy Houses As-Is for Cash,,https://nationcfh.wpcomstaging.com/,NEW_ON_WP
/facing-foreclosure,False,True,,Facing Foreclosure in Tennessee? We Can Help | Tennessee Cash For Homes,,"Facing foreclosure in Tennessee? You have options. Tennessee Cash For Homes buys houses fast for cash, helping homeowners stop foreclosure and protect their credit. Get a free cash offer today.",,Facing Foreclosure in Tennessee? We Can Help.,,https://nationcfh.wpcomstaging.com/facing-foreclosure/,NEW_ON_WP
/facing-foreclosure/antioch,True,True,Avoid Foreclosure in Antioch  | Sell Your Home Fast,Facing Foreclosure in Antioch TN | Tennessee Cash For Homes,"Facing foreclosure in Antioch? We offer fast, hassle-free solutions to help you avoid foreclosure and sell your home quickly. Get a cash offer today!",Stop foreclosure on your Antioch TN home. We buy houses fast in the Hickory Hollow area and throughout Davidson County. Get a fair cash offer today with no fees.,Stop Foreclosure in Antioch,Facing Foreclosure in Antioch TN? We Can Help.,https://www.tennesseecashforhomes.com/facing-foreclosure/antioch,https://nationcfh.wpcomstaging.com/facing-foreclosure/antioch/,TITLE_MISMATCH|META_MISMATCH|H1_MISMATCH
/facing-foreclosure/chapel-hill,True,True,Avoid Foreclosure in Chapel Hill  | Sell Your Home Fast,Facing Foreclosure in Chapel Hill TN | Tennessee Cash For Homes,"Facing foreclosure in Chapel Hill? We offer fast, hassle-free solutions to help you avoid foreclosure and sell your home quickly. Get a cash offer today!","Stop foreclosure on your Chapel Hill home. We buy houses fast in Marshall County, get a cash offer and close before your sale date.",Stop Foreclosure in Chapel Hill,Facing Foreclosure in Chapel Hill TN? We Can Help.,https://www.tennesseecashforhomes.com/facing-foreclosure/chapel-hill,https://nationcfh.wpcomstaging.com/facing-foreclosure/chapel-hill/,TITLE_MISMATCH|META_MISMATCH|H1_MISMATCH
/facing-foreclosure/chattanooga,True,True,Avoid Foreclosure in Chattanooga  | Sell Your Home Fast,Facing Foreclosure in Chattanooga TN | Tennessee Cash For Homes,"Facing foreclosure in Chattanooga? We offer fast, hassle-free solutions to help you avoid foreclosure and sell your home quickly. Get a cash offer today!","Stop foreclosure in Chattanooga. We buy Hamilton County homes as-is for cash, close in days and keep your credit intact.",Stop Foreclosure in Chattanooga,Facing Foreclosure in Chattanooga TN? We Can Help.,https://www.tennesseecashforhomes.com/facing-foreclosure/chattanooga,https://nationcfh.wpcomstaging.com/facing-foreclosure/chattanooga/,TITLE_MISMATCH|META_MISMATCH|H1_MISMATCH
/facing-foreclosure/clarksville,True,True,Avoid Foreclosure in Clarksville  | Sell Your Home Fast,Facing Foreclosure in Clarksville TN | Tennessee Cash For Homes,"Facing foreclosure in Clarksville? We offer fast, hassle-free solutions to help you avoid foreclosure and sell your home quickly. Get a cash offer today!",Clarksville foreclosure help for military families and civilians. Get a fast cash offer on your Montgomery County home today.,Stop Foreclosure in Clarksville,Facing Foreclosure in Clarksville TN? We Can Help.,https://www.tennesseecashforhomes.com/facing-foreclosure/clarksville,https://nationcfh.wpcomstaging.com/facing-foreclosure/clarksville/,TITLE_MISMATCH|META_MISMATCH|H1_MISMATCH
/facing-foreclosure/columbia,True,True,Avoid Foreclosure in Columbia  | Sell Your Home Fast,Facing Foreclosure in Columbia TN | Tennessee Cash For Homes,"Facing foreclosure in Columbia? We offer fast, hassle-free solutions to help you avoid foreclosure and sell your home quickly. Get a cash offer today!",Facing foreclosure in Columbia TN? We buy Maury County houses for cash in any condition. Avoid the courthouse auction and get a fair offer with a fast closing.,Stop Foreclosure in Columbia,Facing Foreclosure in Columbia TN? We Can Help.,https://www.tennesseecashforhomes.com/facing-foreclosure/columbia,https://nationcfh.wpcomstaging.com/facing-foreclosure/columbia/,TITLE_MISMATCH|META_MISMATCH|H1_MISMATCH
/facing-foreclosure/crossville,True,True,Avoid Foreclosure in Crossville  | Sell Your Home Fast,Facing Foreclosure in Crossville TN | Tennessee Cash For Homes,"Facing foreclosure in Crossville? We offer fast, hassle-free solutions to help you avoid foreclosure and sell your home quickly. Get a cash offer today!","Stop foreclosure on your Crossville home. We buy houses fast in Cumberland County, get a cash offer and close before your sale date.",Stop Foreclosure in Crossville,Facing Foreclosure in Crossville TN? We Can Help.,https://www.tennesseecashforhomes.com/facing-foreclosure/crossville,https://nationcfh.wpcomstaging.com/facing-foreclosure/crossville/,TITLE_MISMATCH|META_MISMATCH|H1_MISMATCH
/facing-foreclosure/facing-foreclosure-nashville,False,True,,Facing Foreclosure in Nashville TN | Tennessee Cash For Homes,,"Stop foreclosure on your Nashville home. We buy houses fast in Davidson County, get a fair cash offer and close before your sale date.",,Facing Foreclosure in Nashville TN? We Can Help.,,https://nationcfh.wpcomstaging.com/facing-foreclosure/facing-foreclosure-nashville/,NEW_ON_WP
/facing-foreclosure/franklin,True,True,Avoid Foreclosure in Franklin  | Sell Your Home Fast,Facing Foreclosure in Franklin TN | Tennessee Cash For Homes,"Facing foreclosure in Franklin? We offer fast, hassle-free solutions to help you avoid foreclosure and sell your home quickly. Get a cash offer today!","Facing foreclosure in Franklin? Sell your Williamson County home fast for cash, protect your equity in one of TN's priciest markets.",Stop Foreclosure in Franklin,Facing Foreclosure in Franklin TN? We Can Help.,https://www.tennesseecashforhomes.com/facing-foreclosure/franklin,https://nationcfh.wpcomstaging.com/facing-foreclosure/franklin/,TITLE_MISMATCH|META_MISMATCH|H1_MISMATCH
/facing-foreclosure/gallatin,True,True,Avoid Foreclosure in Gallatin  | Sell Your Home Fast,Facing Foreclosure in Gallatin TN | Tennessee Cash For Homes,"Facing foreclosure in Gallatin? We offer fast, hassle-free solutions to help you avoid foreclosure and sell your home quickly. Get a cash offer today!",Stop foreclosure on your Gallatin TN home near Old Hickory Lake. We buy Sumner County houses fast for cash with no repairs needed and no closing costs to you.,Stop Foreclosure in Gallatin,Facing Foreclosure in Gallatin TN? We Can Help.,https://www.tennesseecashforhomes.com/facing-foreclosure/gallatin,https://nationcfh.wpcomstaging.com/facing-foreclosure/gallatin/,TITLE_MISMATCH|META_MISMATCH|H1_MISMATCH
/facing-foreclosure/hendersonville,True,True,Avoid Foreclosure in Hendersonville  | Sell Your Home Fast,Facing Foreclosure in Hendersonville TN | Tennessee Cash For Homes,"Facing foreclosure in Hendersonville? We offer fast, hassle-free solutions to help you avoid foreclosure and sell your home quickly. Get a cash offer today!","Facing foreclosure in Hendersonville? We buy houses fast in Sumner County, get a cash offer and close before your auction date.",Stop Foreclosure in Hendersonville,Facing Foreclosure in Hendersonville TN? We Can Help.,https://www.tennesseecashforhomes.com/facing-foreclosure/hendersonville,https://nationcfh.wpcomstaging.com/facing-foreclosure/hendersonville/,TITLE_MISMATCH|META_MISMATCH|H1_MISMATCH
/facing-foreclosure/jackson,True,True,Avoid Foreclosure in Jackson  | Sell Your Home Fast,Facing Foreclosure in Jackson TN | Tennessee Cash For Homes,"Facing foreclosure in Jackson? We offer fast, hassle-free solutions to help you avoid foreclosure and sell your home quickly. Get a cash offer today!","Stop foreclosure on your Jackson home. We buy houses fast in Madison County, get a fair cash offer and close before your sale date.",Stop Foreclosure in Jackson,Facing Foreclosure in Jackson TN? We Can Help.,https://www.tennesseecashforhomes.com/facing-foreclosure/jackson,https://nationcfh.wpcomstaging.com/facing-foreclosure/jackson/,TITLE_MISMATCH|META_MISMATCH|H1_MISMATCH
/facing-foreclosure/knoxville,True,True,Avoid Foreclosure in Knoxville  | Sell Your Home Fast,Facing Foreclosure in Knoxville TN | Tennessee Cash For Homes,"Facing foreclosure in Knoxville? We offer fast, hassle-free solutions to help you avoid foreclosure and sell your home quickly. Get a cash offer today!","Facing foreclosure in Knoxville? Get a fast cash offer on your Knox County home. We close quickly, no fees, no repairs needed.",Stop Foreclosure in Knoxville,Facing Foreclosure in Knoxville TN? We Can Help.,https://www.tennesseecashforhomes.com/facing-foreclosure/knoxville,https://nationcfh.wpcomstaging.com/facing-foreclosure/knoxville/,TITLE_MISMATCH|META_MISMATCH|H1_MISMATCH
/facing-foreclosure/la-vergne,True,True,Avoid Foreclosure in La Vergne  | Sell Your Home Fast,Facing Foreclosure in La Vergne TN | Tennessee Cash For Homes,"Facing foreclosure in La Vergne? We offer fast, hassle-free solutions to help you avoid foreclosure and sell your home quickly. Get a cash offer today!",Avoid foreclosure on your La Vergne TN home. We provide fast cash offers for houses in any condition near Percy Priest Lake and throughout Rutherford County.,Stop Foreclosure in La Vergne,Facing Foreclosure in La Vergne TN? We Can Help.,https://www.tennesseecashforhomes.com/facing-foreclosure/la-vergne,https://nationcfh.wpcomstaging.com/facing-foreclosure/la-vergne/,TITLE_MISMATCH|META_MISMATCH|H1_MISMATCH
/facing-foreclosure/lebanon,True,True,Avoid Foreclosure in Lebanon  | Sell Your Home Fast,Facing Foreclosure in Lebanon TN | Tennessee Cash For Homes,"Facing foreclosure in Lebanon? We offer fast, hassle-free solutions to help you avoid foreclosure and sell your home quickly. Get a cash offer today!","Facing foreclosure in Lebanon TN? We buy Wilson County homes for cash fast. No repairs, no commissions, and no waiting. Get a fair offer and close on your schedule.",Stop Foreclosure in Lebanon,Facing Foreclosure in Lebanon TN? We Can Help.,https://www.tennesseecashforhomes.com/facing-foreclosure/lebanon,https://nationcfh.wpcomstaging.com/facing-foreclosure/lebanon/,TITLE_MISMATCH|META_MISMATCH|H1_MISMATCH
/facing-foreclosure/mcminnville,True,True,Avoid Foreclosure in McMinnville  | Sell Your Home Fast,Facing Foreclosure in McMinnville TN | Tennessee Cash For Homes,"Facing foreclosure in McMinnville? We offer fast, hassle-free solutions to help you avoid foreclosure and sell your home quickly. Get a cash offer today!","Facing foreclosure in McMinnville? We buy houses fast in Warren County, get a fair cash offer and close before your auction date.",Stop Foreclosure in McMinnville,Facing Foreclosure in McMinnville TN? We Can Help.,https://www.tennesseecashforhomes.com/facing-foreclosure/mcminnville,https://nationcfh.wpcomstaging.com/facing-foreclosure/mcminnville/,TITLE_MISMATCH|META_MISMATCH|H1_MISMATCH
/facing-foreclosure/memphis,True,True,Avoid Foreclosure in Memphis  | Sell Your Home Fast,Facing Foreclosure in Memphis TN | Tennessee Cash For Homes,"Facing foreclosure in Memphis? We offer fast, hassle-free solutions to help you avoid foreclosure and sell your home quickly. Get a cash offer today!","Memphis has high foreclosure rates. We buy Shelby County homes for cash fast, avoid the courthouse auction and protect your equity.",Stop Foreclosure in Memphis,Facing Foreclosure in Memphis TN? We Can Help.,https://www.tennesseecashforhomes.com/facing-foreclosure/memphis,https://nationcfh.wpcomstaging.com/facing-foreclosure/memphis/,TITLE_MISMATCH|META_MISMATCH|H1_MISMATCH
/facing-foreclosure/murfreesboro,True,True,Avoid Foreclosure in Murfreesboro  | Sell Your Home Fast,Facing Foreclosure in Murfreesboro TN | Tennessee Cash For Homes,"Facing foreclosure in Murfreesboro? We offer fast, hassle-free solutions to help you avoid foreclosure and sell your home quickly. Get a cash offer today!","Avoid foreclosure in Murfreesboro. We buy Rutherford County homes for cash, no repairs, no commissions, close on your timeline.",Stop Foreclosure in Murfreesboro,Facing Foreclosure in Murfreesboro TN? We Can Help.,https://www.tennesseecashforhomes.com/facing-foreclosure/murfreesboro,https://nationcfh.wpcomstaging.com/facing-foreclosure/murfreesboro/,TITLE_MISMATCH|META_MISMATCH|H1_MISMATCH
/facing-foreclosure/nashville,True,False,Avoid Foreclosure in Nashville  | Sell Your Home Fast,,"Facing foreclosure in Nashville? We offer fast, hassle-free solutions to help you avoid foreclosure and sell your home quickly. Get a cash offer today!",,Stop Foreclosure in Nashville,,https://www.tennesseecashforhomes.com/facing-foreclosure/nashville,,MISSING_ON_WP
/facing-foreclosure/old-hickory,True,True,Avoid Foreclosure in Old Hickory  | Sell Your Home Fast,Facing Foreclosure in Old Hickory TN | Tennessee Cash For Homes,"Facing foreclosure in Old Hickory? We offer fast, hassle-free solutions to help you avoid foreclosure and sell your home quickly. Get a cash offer today!","Stop foreclosure on your Old Hickory home. We buy houses in Davidson County fast, get a cash offer and close before your sale date.",Stop Foreclosure in Old Hickory,Facing Foreclosure in Old Hickory TN? We Can Help.,https://www.tennesseecashforhomes.com/facing-foreclosure/old-hickory,https://nationcfh.wpcomstaging.com/facing-foreclosure/old-hickory/,TITLE_MISMATCH|META_MISMATCH|H1_MISMATCH
/facing-foreclosure/shelbyville,True,True,Avoid Foreclosure in Shelbyville  | Sell Your Home Fast,Facing Foreclosure in Shelbyville TN | Tennessee Cash For Homes,"Facing foreclosure in Shelbyville? We offer fast, hassle-free solutions to help you avoid foreclosure and sell your home quickly. Get a cash offer today!","Shelbyville foreclosure help, sell your Bedford County home for cash fast. We buy rural and in-town properties in any condition.",Stop Foreclosure in Shelbyville,Facing Foreclosure in Shelbyville TN? We Can Help.,https://www.tennesseecashforhomes.com/facing-foreclosure/shelbyville,https://nationcfh.wpcomstaging.com/facing-foreclosure/shelbyville/,TITLE_MISMATCH|META_MISMATCH|H1_MISMATCH
/facing-foreclosure/smyrna,True,True,Avoid Foreclosure in Smyrna  | Sell Your Home Fast,Facing Foreclosure in Smyrna TN | Tennessee Cash For Homes,"Facing foreclosure in Smyrna? We offer fast, hassle-free solutions to help you avoid foreclosure and sell your home quickly. Get a cash offer today!",Facing foreclosure in Smyrna TN? We buy houses fast in Rutherford County. Get a no-obligation cash offer and avoid the stress of losing your home at auction.,Stop Foreclosure in Smyrna,Facing Foreclosure in Smyrna TN? We Can Help.,https://www.tennesseecashforhomes.com/facing-foreclosure/smyrna,https://nationcfh.wpcomstaging.com/facing-foreclosure/smyrna/,TITLE_MISMATCH|META_MISMATCH|H1_MISMATCH
/facing-foreclosure/spring-hill,True,True,Avoid Foreclosure in Spring Hill  | Sell Your Home Fast,Facing Foreclosure in Spring Hill TN | Tennessee Cash For Homes,"Facing foreclosure in Spring Hill? We offer fast, hassle-free solutions to help you avoid foreclosure and sell your home quickly. Get a cash offer today!","Stop foreclosure on your Spring Hill TN home. We buy houses fast for cash in one of Tennessee's fastest-growing cities. No repairs, no fees, and a quick closing.",Stop Foreclosure in Spring Hill,Facing Foreclosure in Spring Hill TN? We Can Help.,https://www.tennesseecashforhomes.com/facing-foreclosure/spring-hill,https://nationcfh.wpcomstaging.com/facing-foreclosure/spring-hill/,TITLE_MISMATCH|META_MISMATCH|H1_MISMATCH
/facing-foreclosure/tennessee,True,True,Avoid Foreclosure in Tennessee  | Sell Your Home Fast,Facing Foreclosure in Tennessee | Tennessee Cash For Homes,"Facing foreclosure in Tennessee? We offer fast, hassle-free solutions to help you avoid foreclosure and sell your home quickly. Get a cash offer today!","Facing foreclosure in Tennessee? Tennessee Cash For Homes buys houses fast for cash statewide. Stop foreclosure, protect your credit, and close in as little as 7 days.",Stop Foreclosure in Tennessee,Facing Foreclosure in Tennessee? We Can Help.,https://www.tennesseecashforhomes.com/facing-foreclosure/tennessee,https://nationcfh.wpcomstaging.com/facing-foreclosure/tennessee/,TITLE_MISMATCH|META_MISMATCH|H1_MISMATCH
/facing-foreclosure/woodbury,True,True,Avoid Foreclosure in Woodbury  | Sell Your Home Fast,Facing Foreclosure in Woodbury TN | Tennessee Cash For Homes,"Facing foreclosure in Woodbury? We offer fast, hassle-free solutions to help you avoid foreclosure and sell your home quickly. Get a cash offer today!","Facing foreclosure in Woodbury? We buy houses fast in Cannon County, get a fair cash offer and close before your auction date.",Stop Foreclosure in Woodbury,Facing Foreclosure in Woodbury TN? We Can Help.,https://www.tennesseecashforhomes.com/facing-foreclosure/woodbury,https://nationcfh.wpcomstaging.com/facing-foreclosure/woodbury/,TITLE_MISMATCH|META_MISMATCH|H1_MISMATCH
/fair-cash-offer-for-your-home-which-route-to-take,False,True,,Tennessee Cash For Homes | Sell Your House Fast for Cash,,"Sell your Tennessee house fast for cash. No repairs, no fees, no commissions. Get a fair all-cash offer in 24 hours. Close in as little as 7 days. Family-owned Tennessee home buyers.",,Sell Your House Fast For Cash! | We Buy Houses As-Is for Cash,,https://nationcfh.wpcomstaging.com/,NEW_ON_WP
/faq,True,True,FAQ | Answers to Common Questions About Selling Your Home,FAQ - Tennessee Cash For Homes,Got questions? We have answers. Learn how our process works what to expect and how we make selling your home fast and easy.,,Frequently Asked Questions,Frequently Asked Questions,https://www.tennesseecashforhomes.com/faq,https://nationcfh.wpcomstaging.com/faq/,WP_META_MISSING|TITLE_MISMATCH
/favicon,False,True,,Tennessee Cash For Homes | Sell Your House Fast for Cash,,"Sell your Tennessee house fast for cash. No repairs, no fees, no commissions. Get a fair all-cash offer in 24 hours. Close in as little as 7 days. Family-owned Tennessee home buyers.",,Sell Your House Fast For Cash! | We Buy Houses As-Is for Cash,,https://nationcfh.wpcomstaging.com/,NEW_ON_WP
/from-offer-to-closing-the-timeline-of-a-cash-home-sale-in-tennessee,False,True,,Tennessee Cash For Homes | Sell Your House Fast for Cash,,"Sell your Tennessee house fast for cash. No repairs, no fees, no commissions. Get a fair all-cash offer in 24 hours. Close in as little as 7 days. Family-owned Tennessee home buyers.",,Sell Your House Fast For Cash! | We Buy Houses As-Is for Cash,,https://nationcfh.wpcomstaging.com/,NEW_ON_WP
/high-interest-rates-why-now-is-the-right-time-to-sell-your-home,False,True,,Tennessee Cash For Homes | Sell Your House Fast for Cash,,"Sell your Tennessee house fast for cash. No repairs, no fees, no commissions. Get a fair all-cash offer in 24 hours. Close in as little as 7 days. Family-owned Tennessee home buyers.",,Sell Your House Fast For Cash! | We Buy Houses As-Is for Cash,,https://nationcfh.wpcomstaging.com/,NEW_ON_WP
/home-2,False,True,,Home - Tennessee Cash For Homes,,We are Commercial Roofing Experts Roofing Problem? Call 24Hr Emergency Service +1 2345 678 Quick Service Request Send Inspection Request [sureforms id=\’1763\’] About Company Professional Roofing Contractors Donec rutrum congue...,,Home,,https://nationcfh.wpcomstaging.com/home-2/,NEW_ON_WP
/house-logo1,False,True,,Tennessee Cash For Homes | Sell Your House Fast for Cash,,"Sell your Tennessee house fast for cash. No repairs, no fees, no commissions. Get a fair all-cash offer in 24 hours. Close in as little as 7 days. Family-owned Tennessee home buyers.",,Sell Your House Fast For Cash! | We Buy Houses As-Is for Cash,,https://nationcfh.wpcomstaging.com/,NEW_ON_WP
/how-foreclosure-affects-your-credit-score-and-what-to-do-about-it,False,True,,Tennessee Cash For Homes | Sell Your House Fast for Cash,,"Sell your Tennessee house fast for cash. No repairs, no fees, no commissions. Get a fair all-cash offer in 24 hours. Close in as little as 7 days. Family-owned Tennessee home buyers.",,Sell Your House Fast For Cash! | We Buy Houses As-Is for Cash,,https://nationcfh.wpcomstaging.com/,NEW_ON_WP
/how-it-works,True,True,Tennessee Cash For Homes | How It Works,How It Works - Tennessee Cash For Homes,"Learn more about Tennessee Cash For Homes, your trusted partner for a fast, hassle-free cash sale. We’re committed to fair offers, quick transactions, and exceptional service for homeowners in Tennessee.",,How It Works to Sell Your House As Is for Cash in Tennessee,How It Works to Sell Your House As-Is for Cash in Tennessee,https://www.tennesseecashforhomes.com/how-it-works,https://nationcfh.wpcomstaging.com/how-it-works/,WP_META_MISSING|TITLE_MISMATCH|H1_MISMATCH
/how-to-identify-the-top-cash-home-buyers-in-murfreesboro-tn,False,True,,Tennessee Cash For Homes | Sell Your House Fast for Cash,,"Sell your Tennessee house fast for cash. No repairs, no fees, no commissions. Get a fair all-cash offer in 24 hours. Close in as little as 7 days. Family-owned Tennessee home buyers.",,Sell Your House Fast For Cash! | We Buy Houses As-Is for Cash,,https://nationcfh.wpcomstaging.com/,NEW_ON_WP
/how-to-know-when-selling-your-home-for-cash-makes-sense-in-2025,False,True,,Tennessee Cash For Homes | Sell Your House Fast for Cash,,"Sell your Tennessee house fast for cash. No repairs, no fees, no commissions. Get a fair all-cash offer in 24 hours. Close in as little as 7 days. Family-owned Tennessee home buyers.",,Sell Your House Fast For Cash! | We Buy Houses As-Is for Cash,,https://nationcfh.wpcomstaging.com/,NEW_ON_WP
/how-to-prepare-for-a-quick-home-sale-in-tennessee,False,True,,Tennessee Cash For Homes | Sell Your House Fast for Cash,,"Sell your Tennessee house fast for cash. No repairs, no fees, no commissions. Get a fair all-cash offer in 24 hours. Close in as little as 7 days. Family-owned Tennessee home buyers.",,Sell Your House Fast For Cash! | We Buy Houses As-Is for Cash,,https://nationcfh.wpcomstaging.com/,NEW_ON_WP
/how-to-sell-a-home-in-tennessee-fast-tips-for-2025,False,True,,Tennessee Cash For Homes | Sell Your House Fast for Cash,,"Sell your Tennessee house fast for cash. No repairs, no fees, no commissions. Get a fair all-cash offer in 24 hours. Close in as little as 7 days. Family-owned Tennessee home buyers.",,Sell Your House Fast For Cash! | We Buy Houses As-Is for Cash,,https://nationcfh.wpcomstaging.com/,NEW_ON_WP
/how-to-sell-a-house-with-water-damage-a-guide-for-tennessee-homeowners,False,True,,Tennessee Cash For Homes | Sell Your House Fast for Cash,,"Sell your Tennessee house fast for cash. No repairs, no fees, no commissions. Get a fair all-cash offer in 24 hours. Close in as little as 7 days. Family-owned Tennessee home buyers.",,Sell Your House Fast For Cash! | We Buy Houses As-Is for Cash,,https://nationcfh.wpcomstaging.com/,NEW_ON_WP
/how-to-sell-your-house-fast,False,True,,Tennessee Cash For Homes | Sell Your House Fast for Cash,,"Sell your Tennessee house fast for cash. No repairs, no fees, no commissions. Get a fair all-cash offer in 24 hours. Close in as little as 7 days. Family-owned Tennessee home buyers.",,Sell Your House Fast For Cash! | We Buy Houses As-Is for Cash,,https://nationcfh.wpcomstaging.com/,NEW_ON_WP
/how-to-sell-your-house-fast-in-tennessee,False,True,,Tennessee Cash For Homes | Sell Your House Fast for Cash,,"Sell your Tennessee house fast for cash. No repairs, no fees, no commissions. Get a fair all-cash offer in 24 hours. Close in as little as 7 days. Family-owned Tennessee home buyers.",,Sell Your House Fast For Cash! | We Buy Houses As-Is for Cash,,https://nationcfh.wpcomstaging.com/,NEW_ON_WP
/how-to-sell-your-house-fast-in-tennessee-insider-tips-for-a-quick-hassle-free-sale,False,True,,Tennessee Cash For Homes | Sell Your House Fast for Cash,,"Sell your Tennessee house fast for cash. No repairs, no fees, no commissions. Get a fair all-cash offer in 24 hours. Close in as little as 7 days. Family-owned Tennessee home buyers.",,Sell Your House Fast For Cash! | We Buy Houses As-Is for Cash,,https://nationcfh.wpcomstaging.com/,NEW_ON_WP
/how-to-sell-your-house-for-cash,False,True,,Tennessee Cash For Homes | Sell Your House Fast for Cash,,"Sell your Tennessee house fast for cash. No repairs, no fees, no commissions. Get a fair all-cash offer in 24 hours. Close in as little as 7 days. Family-owned Tennessee home buyers.",,Sell Your House Fast For Cash! | We Buy Houses As-Is for Cash,,https://nationcfh.wpcomstaging.com/,NEW_ON_WP
/inheriting-a-house-that-is-paid-off-what-you-need-to-know,False,True,,Tennessee Cash For Homes | Sell Your House Fast for Cash,,"Sell your Tennessee house fast for cash. No repairs, no fees, no commissions. Get a fair all-cash offer in 24 hours. Close in as little as 7 days. Family-owned Tennessee home buyers.",,Sell Your House Fast For Cash! | We Buy Houses As-Is for Cash,,https://nationcfh.wpcomstaging.com/,NEW_ON_WP
/investors,True,True,Tennessee Cash For Homes | Investors & Lenders,Investors And Lenders - Tennessee Cash For Homes,Explore investment opportunities with Tennessee Cash For Homes. Discover how our innovative approach to real estate investment can provide you with lucrative returns and a steady stream of investment properties in Tennessee.,,INVESTORS & LENDERS,Work With Tennessee Cash For Homes,https://www.tennesseecashforhomes.com/investors,https://nationcfh.wpcomstaging.com/investors/,WP_META_MISSING|TITLE_MISMATCH|H1_MISMATCH
/is-selling-your-home-for-cash-a-good-idea-a-complete-guide-for-tennessee-homeowners,False,True,,Tennessee Cash For Homes | Sell Your House Fast for Cash,,"Sell your Tennessee house fast for cash. No repairs, no fees, no commissions. Get a fair all-cash offer in 24 hours. Close in as little as 7 days. Family-owned Tennessee home buyers.",,Sell Your House Fast For Cash! | We Buy Houses As-Is for Cash,,https://nationcfh.wpcomstaging.com/,NEW_ON_WP
/items,True,False,We Buy Houses! | Tennessee Cash For Homes,,,,Insights & Resources,,https://www.tennesseecashforhomes.com/items,,MISSING_ON_WP
/items/how-lawrenceburg-tn-homeowners-can-avoid-foreclosure-lawsuits-effectively,True,False,How Lawrenceburg TN Homeowners Can Avoid Foreclosure Lawsuits Effectively | TN Cash For Homes,,,,How Lawrenceburg TN Homeowners Can Avoid Foreclosure Lawsuits Effectively,,https://www.tennesseecashforhomes.com/items/how-lawrenceburg-tn-homeowners-can-avoid-foreclosure-lawsuits-effectively,,MISSING_ON_WP
/items/how-nashville-tn-homeowners-can-sell-their-home-during-probate-delays,True,False,How Nashville TN Homeowners Can Sell Their Home During Probate Delays | TN Cash For Homes,,,,How Nashville TN Homeowners Can Sell Their Home During Probate Delays,,https://www.tennesseecashforhomes.com/items/how-nashville-tn-homeowners-can-sell-their-home-during-probate-delays,,MISSING_ON_WP
/items/how-oak-ridge-tn-homeowners-can-sell-homes-with-code-violations-easily,True,False,How Oak Ridge TN Homeowners Can Sell Homes With Code Violations Easily | TN Cash For Homes,,,,How Oak Ridge TN Homeowners Can Sell Homes With Code Violations Easily,,https://www.tennesseecashforhomes.com/items/how-oak-ridge-tn-homeowners-can-sell-homes-with-code-violations-easily,,MISSING_ON_WP
/items/how-tennessee-homeowners-can-sell-a-house-with-tax-liens-fast,True,False,How Tennessee Homeowners Can Sell a House With Tax Liens Fast | TN Cash For Homes,,,,How Tennessee Homeowners Can Sell a House With Tax Liens Fast,,https://www.tennesseecashforhomes.com/items/how-tennessee-homeowners-can-sell-a-house-with-tax-liens-fast,,MISSING_ON_WP
/items/how-tennessee-homeowners-can-sell-during-financial-hardship-fast,True,False,How Tennessee Homeowners Can Sell During Financial Hardship Fast | TN Cash For Homes,,,,How Tennessee Homeowners Can Sell During Financial Hardship Fast,,https://www.tennesseecashforhomes.com/items/how-tennessee-homeowners-can-sell-during-financial-hardship-fast,,MISSING_ON_WP
/items/how-tennessee-homeowners-can-sell-fast-for-cash,True,False,How Tennessee Homeowners Can Sell Fast for Cash | TN Cash For Homes,,,,How Tennessee Homeowners Can Sell Fast for Cash,,https://www.tennesseecashforhomes.com/items/how-tennessee-homeowners-can-sell-fast-for-cash,,MISSING_ON_WP
/items/how-tennessee-homeowners-can-sell-homes-amid-probate-delays,True,False,How Tennessee Homeowners Can Sell Homes Amid Probate Delays | TN Cash For Homes,,,,How Tennessee Homeowners Can Sell Homes Amid Probate Delays,,https://www.tennesseecashforhomes.com/items/how-tennessee-homeowners-can-sell-homes-amid-probate-delays,,MISSING_ON_WP
/items/how-tennessee-homeowners-can-sell-properties-facing-bankruptcy,True,False,How Tennessee Homeowners Can Sell Properties Facing Bankruptcy | TN Cash For Homes,,,,How Tennessee Homeowners Can Sell Properties Facing Bankruptcy,,https://www.tennesseecashforhomes.com/items/how-tennessee-homeowners-can-sell-properties-facing-bankruptcy,,MISSING_ON_WP
/items/how-tennessee-homeowners-can-sell-quickly-amid-financial-hardship,True,False,How Tennessee Homeowners Can Sell Quickly Amid Financial Hardship | TN Cash For Homes,,,,How Tennessee Homeowners Can Sell Quickly Amid Financial Hardship,,https://www.tennesseecashforhomes.com/items/how-tennessee-homeowners-can-sell-quickly-amid-financial-hardship,,MISSING_ON_WP
/items/how-tennessee-homeowners-can-sell-quickly-before-foreclosure-starts,True,False,How Tennessee Homeowners Can Sell Quickly Before Foreclosure Starts | TN Cash For Homes,,,,How Tennessee Homeowners Can Sell Quickly Before Foreclosure Starts,,https://www.tennesseecashforhomes.com/items/how-tennessee-homeowners-can-sell-quickly-before-foreclosure-starts,,MISSING_ON_WP
/items/how-tennessee-homeowners-can-stop-tax-lien-foreclosure-fast,True,False,How Tennessee Homeowners Can Stop Tax Lien Foreclosure Fast | TN Cash For Homes,,,,How Tennessee Homeowners Can Stop Tax Lien Foreclosure Fast,,https://www.tennesseecashforhomes.com/items/how-tennessee-homeowners-can-stop-tax-lien-foreclosure-fast,,MISSING_ON_WP
/items/how-to-sell-an-as-is-home-in-alcoa-tn-with-code-violations,True,False,How to Sell an As-Is Home in Alcoa TN with Code Violations | TN Cash For Homes,,,,How to Sell an As-Is Home in Alcoa TN with Code Violations,,https://www.tennesseecashforhomes.com/items/how-to-sell-an-as-is-home-in-alcoa-tn-with-code-violations,,MISSING_ON_WP
/items/navigating-probate-to-sell-inherited-homes-in-soddy-daisy-tn,True,False,Navigating Probate to Sell Inherited Homes in Soddy-Daisy TN | TN Cash For Homes,,,,Navigating Probate to Sell Inherited Homes in Soddy-Daisy TN,,https://www.tennesseecashforhomes.com/items/navigating-probate-to-sell-inherited-homes-in-soddy-daisy-tn,,MISSING_ON_WP
/items/tennessee-guide-to-selling-a-home-in-probate-quickly-and-easily,True,False,Tennessee Guide to Selling a Home in Probate Quickly and Easily | TN Cash For Homes,,,,Tennessee Guide to Selling a Home in Probate Quickly and Easily,,https://www.tennesseecashforhomes.com/items/tennessee-guide-to-selling-a-home-in-probate-quickly-and-easily,,MISSING_ON_WP
/items/tennessee-homeowners-facing-divorce%3A-how-to-sell-property-fast,True,False,Tennessee Homeowners Facing Divorce: How to Sell Property Fast | TN Cash For Homes,,,,Tennessee Homeowners Facing Divorce: How to Sell Property Fast,,https://www.tennesseecashforhomes.com/items/tennessee-homeowners-facing-divorce%3A-how-to-sell-property-fast,,MISSING_ON_WP
/items/tennessee-homeowners-guide-to-avoid-foreclosure-lawsuit-fees,True,False,Tennessee Homeowners Guide to Avoid Foreclosure Lawsuit Fees | TN Cash For Homes,,,,Tennessee Homeowners Guide to Avoid Foreclosure Lawsuit Fees,,https://www.tennesseecashforhomes.com/items/tennessee-homeowners-guide-to-avoid-foreclosure-lawsuit-fees,,MISSING_ON_WP
/items/tennessee-homeowners-guide-to-selling-property-with-bankruptcy,True,False,Tennessee Homeowners Guide to Selling Property With Bankruptcy | TN Cash For Homes,,,,Tennessee Homeowners Guide to Selling Property With Bankruptcy,,https://www.tennesseecashforhomes.com/items/tennessee-homeowners-guide-to-selling-property-with-bankruptcy,,MISSING_ON_WP
/items/understanding-tennessee-foreclosure-timelines-to-protect-your-home,True,False,Understanding Tennessee Foreclosure Timelines to Protect Your Home | TN Cash For Homes,,,,Understanding Tennessee Foreclosure Timelines to Protect Your Home,,https://www.tennesseecashforhomes.com/items/understanding-tennessee-foreclosure-timelines-to-protect-your-home,,MISSING_ON_WP
/items/understanding-tennessee-tax-lien-foreclosure-timelines-for-sellers,True,False,Understanding Tennessee Tax Lien Foreclosure Timelines for Sellers | TN Cash For Homes,,,,Understanding Tennessee Tax Lien Foreclosure Timelines for Sellers,,https://www.tennesseecashforhomes.com/items/understanding-tennessee-tax-lien-foreclosure-timelines-for-sellers,,MISSING_ON_WP
/items/what-tennessee-homeowners-must-know-about-pre-foreclosure-rights,True,False,What Tennessee Homeowners Must Know About Pre-Foreclosure Rights | TN Cash For Homes,,,,What Tennessee Homeowners Must Know About Pre-Foreclosure Rights,,https://www.tennesseecashforhomes.com/items/what-tennessee-homeowners-must-know-about-pre-foreclosure-rights,,MISSING_ON_WP
/items/what-tennessee-homeowners-should-do-when-facing-property-tax-liens,True,False,What Tennessee Homeowners Should Do When Facing Property Tax Liens | TN Cash For Homes,,,,What Tennessee Homeowners Should Do When Facing Property Tax Liens,,https://www.tennesseecashforhomes.com/items/what-tennessee-homeowners-should-do-when-facing-property-tax-liens,,MISSING_ON_WP
/items/what-tennessee-homeowners-should-know-about-bankruptcy-and-selling,True,False,What Tennessee Homeowners Should Know About Bankruptcy and Selling | TN Cash For Homes,,,,What Tennessee Homeowners Should Know About Bankruptcy and Selling,,https://www.tennesseecashforhomes.com/items/what-tennessee-homeowners-should-know-about-bankruptcy-and-selling,,MISSING_ON_WP
/items/when-does-foreclosure-start-in-dickson-tn-how-to-respond,True,False,When Does Foreclosure Start in Dickson TN How to Respond | TN Cash For Homes,,,,When Does Foreclosure Start in Dickson TN How to Respond,,https://www.tennesseecashforhomes.com/items/when-does-foreclosure-start-in-dickson-tn-how-to-respond,,MISSING_ON_WP
/knowing-the-difference-sell-house-cash-buyer-vs-agent,False,True,,Tennessee Cash For Homes | Sell Your House Fast for Cash,,"Sell your Tennessee house fast for cash. No repairs, no fees, no commissions. Get a fair all-cash offer in 24 hours. Close in as little as 7 days. Family-owned Tennessee home buyers.",,Sell Your House Fast For Cash! | We Buy Houses As-Is for Cash,,https://nationcfh.wpcomstaging.com/,NEW_ON_WP
/lead-paint-understanding-the-risks-and-taking-action,False,True,,Tennessee Cash For Homes | Sell Your House Fast for Cash,,"Sell your Tennessee house fast for cash. No repairs, no fees, no commissions. Get a fair all-cash offer in 24 hours. Close in as little as 7 days. Family-owned Tennessee home buyers.",,Sell Your House Fast For Cash! | We Buy Houses As-Is for Cash,,https://nationcfh.wpcomstaging.com/,NEW_ON_WP
/logo,False,True,,Tennessee Cash For Homes | Sell Your House Fast for Cash,,"Sell your Tennessee house fast for cash. No repairs, no fees, no commissions. Get a fair all-cash offer in 24 hours. Close in as little as 7 days. Family-owned Tennessee home buyers.",,Sell Your House Fast For Cash! | We Buy Houses As-Is for Cash,,https://nationcfh.wpcomstaging.com/,NEW_ON_WP
/managing-properties-with-large-liens,False,True,,Tennessee Cash For Homes | Sell Your House Fast for Cash,,"Sell your Tennessee house fast for cash. No repairs, no fees, no commissions. Get a fair all-cash offer in 24 hours. Close in as little as 7 days. Family-owned Tennessee home buyers.",,Sell Your House Fast For Cash! | We Buy Houses As-Is for Cash,,https://nationcfh.wpcomstaging.com/,NEW_ON_WP
/mold-in-the-home-understanding-the-risks,False,True,,Tennessee Cash For Homes | Sell Your House Fast for Cash,,"Sell your Tennessee house fast for cash. No repairs, no fees, no commissions. Get a fair all-cash offer in 24 hours. Close in as little as 7 days. Family-owned Tennessee home buyers.",,Sell Your House Fast For Cash! | We Buy Houses As-Is for Cash,,https://nationcfh.wpcomstaging.com/,NEW_ON_WP
/more-information,True,False,We Buy Houses! | Tennessee Cash For Homes,,,,,,https://www.tennesseecashforhomes.com/more-information,,MISSING_ON_WP
/mortgage-interest-rates-how-to-plan-in-2024,False,True,,Tennessee Cash For Homes | Sell Your House Fast for Cash,,"Sell your Tennessee house fast for cash. No repairs, no fees, no commissions. Get a fair all-cash offer in 24 hours. Close in as little as 7 days. Family-owned Tennessee home buyers.",,Sell Your House Fast For Cash! | We Buy Houses As-Is for Cash,,https://nationcfh.wpcomstaging.com/,NEW_ON_WP
/navigating-bankruptcy-a-homeowners-guide,False,True,,Tennessee Cash For Homes | Sell Your House Fast for Cash,,"Sell your Tennessee house fast for cash. No repairs, no fees, no commissions. Get a fair all-cash offer in 24 hours. Close in as little as 7 days. Family-owned Tennessee home buyers.",,Sell Your House Fast For Cash! | We Buy Houses As-Is for Cash,,https://nationcfh.wpcomstaging.com/,NEW_ON_WP
/navigating-real-estate-decisions-selling-your-house-before-or-after-a-divorce,False,True,,Tennessee Cash For Homes | Sell Your House Fast for Cash,,"Sell your Tennessee house fast for cash. No repairs, no fees, no commissions. Get a fair all-cash offer in 24 hours. Close in as little as 7 days. Family-owned Tennessee home buyers.",,Sell Your House Fast For Cash! | We Buy Houses As-Is for Cash,,https://nationcfh.wpcomstaging.com/,NEW_ON_WP
/navigating-real-estate-transactions-with-promissory-notes-insights-from-tennessee-cash-for-homes,False,True,,Tennessee Cash For Homes | Sell Your House Fast for Cash,,"Sell your Tennessee house fast for cash. No repairs, no fees, no commissions. Get a fair all-cash offer in 24 hours. Close in as little as 7 days. Family-owned Tennessee home buyers.",,Sell Your House Fast For Cash! | We Buy Houses As-Is for Cash,,https://nationcfh.wpcomstaging.com/,NEW_ON_WP
/navigating-tennessees-2025-property-tax-changes-what-homeowners-need-to-know,False,True,,Tennessee Cash For Homes | Sell Your House Fast for Cash,,"Sell your Tennessee house fast for cash. No repairs, no fees, no commissions. Get a fair all-cash offer in 24 hours. Close in as little as 7 days. Family-owned Tennessee home buyers.",,Sell Your House Fast For Cash! | We Buy Houses As-Is for Cash,,https://nationcfh.wpcomstaging.com/,NEW_ON_WP
/navigating-the-2025-tennessee-real-estate-market-a-comprehensive-guide-for-sellers,False,True,,Tennessee Cash For Homes | Sell Your House Fast for Cash,,"Sell your Tennessee house fast for cash. No repairs, no fees, no commissions. Get a fair all-cash offer in 24 hours. Close in as little as 7 days. Family-owned Tennessee home buyers.",,Sell Your House Fast For Cash! | We Buy Houses As-Is for Cash,,https://nationcfh.wpcomstaging.com/,NEW_ON_WP
/navigating-the-financial-landscape-understanding-the-cost-of-living-in-murfreesboro-tennessee,False,True,,Tennessee Cash For Homes | Sell Your House Fast for Cash,,"Sell your Tennessee house fast for cash. No repairs, no fees, no commissions. Get a fair all-cash offer in 24 hours. Close in as little as 7 days. Family-owned Tennessee home buyers.",,Sell Your House Fast For Cash! | We Buy Houses As-Is for Cash,,https://nationcfh.wpcomstaging.com/,NEW_ON_WP
/navigating-the-property-landscape-insights-into-clarksvilles-real-estate-market,False,True,,Tennessee Cash For Homes | Sell Your House Fast for Cash,,"Sell your Tennessee house fast for cash. No repairs, no fees, no commissions. Get a fair all-cash offer in 24 hours. Close in as little as 7 days. Family-owned Tennessee home buyers.",,Sell Your House Fast For Cash! | We Buy Houses As-Is for Cash,,https://nationcfh.wpcomstaging.com/,NEW_ON_WP
/navigating-the-tennessee-real-estate-market-a-guide-to-selling-your-home-fast,False,True,,Tennessee Cash For Homes | Sell Your House Fast for Cash,,"Sell your Tennessee house fast for cash. No repairs, no fees, no commissions. Get a fair all-cash offer in 24 hours. Close in as little as 7 days. Family-owned Tennessee home buyers.",,Sell Your House Fast For Cash! | We Buy Houses As-Is for Cash,,https://nationcfh.wpcomstaging.com/,NEW_ON_WP
/our-solutions,True,False,Cash Offers & Creative Solutions | Sell Your Home Hassle-Free,,"Need to sell your house fast We offer cash offers, owner financing, and creative solutions to fit your needs. Find the right option today.",,Our Solutions,,https://www.tennesseecashforhomes.com/our-solutions,,MISSING_ON_WP
/planning-to-upgrade-a-guide-for-homeowners,False,True,,Tennessee Cash For Homes | Sell Your House Fast for Cash,,"Sell your Tennessee house fast for cash. No repairs, no fees, no commissions. Get a fair all-cash offer in 24 hours. Close in as little as 7 days. Family-owned Tennessee home buyers.",,Sell Your House Fast For Cash! | We Buy Houses As-Is for Cash,,https://nationcfh.wpcomstaging.com/,NEW_ON_WP
/post/are-we-buy-homes-for-cash-legit,True,False,Are We Buy Homes For Cash Legit,,Discover the truth about 'We Buy Homes for Cash' companies. Uncover the benefits of selling to Tennessee Cash For Homes in Murfreesboro.,,Are We Buy Homes For Cash Legit,,https://www.tennesseecashforhomes.com/post/are-we-buy-homes-for-cash-legit,,MISSING_ON_WP
/post/asbestos-in-tennessee-homes-risks-removal-and-how-tennessee-cash-for-homes-can-help,True,False,"Asbestos in Tennessee Homes: Risks, Removal, and How Tennessee Cash For Homes Can Help",,Uncover the hidden risks of asbestos in homes and how Tennessee Cash For Homes can help. Sell your home stress-free and move forward with peace of mind.,,"Asbestos in Tennessee Homes: Risks, Removal, and How Tennessee Cash For Homes Can Help",,https://www.tennesseecashforhomes.com/post/asbestos-in-tennessee-homes-risks-removal-and-how-tennessee-cash-for-homes-can-help,,MISSING_ON_WP
/post/avoiding-common-home-selling-mistakes-a-comprehensive-guide-for-homeowners,True,False,Avoiding Common Home Selling Mistakes: A Comprehensive Guide for Homeowners,,"Don't make common Home Selling Mistakes! Avoid pitfalls like pricing too high, hiding problems, and neglecting negotiation. Get expert help in Nashville.",,Avoiding Common Home Selling Mistakes: A Comprehensive Guide for Homeowners,,https://www.tennesseecashforhomes.com/post/avoiding-common-home-selling-mistakes-a-comprehensive-guide-for-homeowners,,MISSING_ON_WP
/post/behind-on-mortgage-payments-a-homeowner-s-guide,True,False,Behind on Mortgage Payments: A Homeowner's Guide,,"Behind on mortgage payments? Discover practical solutions to avoid foreclosure, including the ""Subject-To"" method. Learn how Tennessee Cash For Homes can help you navigate financial challenges and regain control.",,Behind on Mortgage Payments: A Homeowner's Guide,,https://www.tennesseecashforhomes.com/post/behind-on-mortgage-payments-a-homeowner-s-guide,,MISSING_ON_WP
/post/challenges-of-needing-to-relocate,True,False,Challenges of Needing to Relocate,,"Discover how to navigate the challenges of needing to relocate with our essential guide. From timing your move to selling your home, we've got you covered!",,Challenges of Needing to Relocate,,https://www.tennesseecashforhomes.com/post/challenges-of-needing-to-relocate,,MISSING_ON_WP
/post/comparing-the-benefits-real-estate-agent-vs-direct-sale-for-your-property,True,False,Comparing the Benefits: Real Estate Agent vs. Direct Sale for Your Property,,"Discover the ins and outs of what real estate agents do and weigh the benefits of working with a realtor versus selling for cash in Nashville, TN.",,Comparing the Benefits: Real Estate Agent vs. Direct Sale for Your Property,,https://www.tennesseecashforhomes.com/post/comparing-the-benefits-real-estate-agent-vs-direct-sale-for-your-property,,MISSING_ON_WP
/post/do-i-have-to-pay-taxes-on-money-made-from-selling-my-home-a-guide-for-tennessee-homeowners,True,False,Do I Have to Pay Taxes on Money Made from Selling My Home? A Guide for Tennessee Homeowners,,Do I Have to Pay Taxes on Money Made from Selling My Home? Discover key tax insights for Tennessee homeowners. Learn about exclusions and minimize your tax burden.,,Do I Have to Pay Taxes on Money Made from Selling My Home? A Guide for Tennessee Homeowners,,https://www.tennesseecashforhomes.com/post/do-i-have-to-pay-taxes-on-money-made-from-selling-my-home-a-guide-for-tennessee-homeowners,,MISSING_ON_WP
/post/downsizing-to-a-smaller-home-a-comprehensive-guide,True,False,Downsizing to a Smaller Home: A Comprehensive Guide,,"Discover the financial, lifestyle, and sustainability benefits of downsizing to a smaller home. Find the perfect space with our comprehensive guide.",,Downsizing to a Smaller Home: A Comprehensive Guide,,https://www.tennesseecashforhomes.com/post/downsizing-to-a-smaller-home-a-comprehensive-guide,,MISSING_ON_WP
/post/fair-cash-offer-for-your-home-which-route-to-take,True,False,Fair Cash Offer For Your Home: Which Route To Take,,Discover the advantages of selling your home for a fair cash offer. Explore the benefits and considerations to make the best choice for your unique needs.,,Fair Cash Offer For Your Home: Which Route To Take,,https://www.tennesseecashforhomes.com/post/fair-cash-offer-for-your-home-which-route-to-take,,MISSING_ON_WP
/post/from-offer-to-closing-the-timeline-of-a-cash-home-sale-in-tennessee,True,False,From Offer to Closing: The Timeline of a Cash Home Sale in Tennessee,,Looking to sell your home quickly and hassle-free? Learn the timeline of a Cash Home Sale in Tennessee with Tennessee Cash For Homes.,,From Offer to Closing: The Timeline of a Cash Home Sale in Tennessee,,https://www.tennesseecashforhomes.com/post/from-offer-to-closing-the-timeline-of-a-cash-home-sale-in-tennessee,,MISSING_ON_WP
/post/high-interest-rates-why-now-is-the-right-time-to-sell-your-home,True,False,High Interest Rates: Why Now is the Right Time to Sell Your Home,,Discover why high interest rates make it the perfect time to sell your home. Learn how to navigate the market with expert guidance from Tennessee Cash For Homes.,,High Interest Rates: Why Now is the Right Time to Sell Your Home,,https://www.tennesseecashforhomes.com/post/high-interest-rates-why-now-is-the-right-time-to-sell-your-home,,MISSING_ON_WP
/post/how-foreclosure-affects-your-credit-score-and-what-to-do-about-it,True,False,How Foreclosure Affects Your Credit Score and What to Do About It,,Discover how foreclosure affects your credit score and learn actionable steps to mitigate its impact. Understand how foreclosure affects your credit score.,,How Foreclosure Affects Your Credit Score and What to Do About It,,https://www.tennesseecashforhomes.com/post/how-foreclosure-affects-your-credit-score-and-what-to-do-about-it,,MISSING_ON_WP
/post/how-to-identify-the-top-cash-home-buyers-in-murfreesboro-tn,True,False,"How to Identify the Top Cash Home Buyers in Murfreesboro, TN",,"Discover the top cash buyer for homes in Murfreesboro, TN! Get a swift, fair, and stress-free offer with Tennessee Cash For Homes. Sell your home hassle-free.",,"How to Identify the Top Cash Home Buyers in Murfreesboro, TN",,https://www.tennesseecashforhomes.com/post/how-to-identify-the-top-cash-home-buyers-in-murfreesboro-tn,,MISSING_ON_WP
/post/how-to-know-when-selling-your-home-for-cash-makes-sense-in-2025,True,False,How to Know When Selling Your Home for Cash Makes Sense in 2025,,"Discover when Selling Your Home for Cash in 2025 makes sense. Explore the benefits of a quick, hassle-free sale in Tennessee's dynamic market.",,How to Know When Selling Your Home for Cash Makes Sense in 2025,,https://www.tennesseecashforhomes.com/post/how-to-know-when-selling-your-home-for-cash-makes-sense-in-2025,,MISSING_ON_WP
/post/how-to-prepare-for-a-quick-home-sale-in-tennessee,True,False,How to Prepare for a Quick Home Sale in Tennessee,,"Discover the secrets to a quick home sale in Tennessee. From decluttering to strategic pricing, learn how to impress buyers and sell fast in Nashville!",,How to Prepare for a Quick Home Sale in Tennessee,,https://www.tennesseecashforhomes.com/post/how-to-prepare-for-a-quick-home-sale-in-tennessee,,MISSING_ON_WP
/post/how-to-sell-a-home-in-tennessee-fast-tips-for-2025,True,False,How to Sell a Home in Tennessee Fast: Tips for 2025,,Discover expert tips to Sell a Home in Tennessee Fast in 2025. Learn strategies to Sell a Home in Tennessee Fast and maximize your profits today!,,How to Sell a Home in Tennessee Fast: Tips for 2025,,https://www.tennesseecashforhomes.com/post/how-to-sell-a-home-in-tennessee-fast-tips-for-2025,,MISSING_ON_WP
/post/how-to-sell-a-house-with-water-damage-a-guide-for-tennessee-homeowners,True,False,How to Sell a House With Water Damage: A Guide for Tennessee Homeowners,,"Looking to sell your house with water damage in Tennessee? Learn how to address damp issues, price your home appropriately, and market it effectively.",,How to Sell a House With Water Damage: A Guide for Tennessee Homeowners,,https://www.tennesseecashforhomes.com/post/how-to-sell-a-house-with-water-damage-a-guide-for-tennessee-homeowners,,MISSING_ON_WP
/post/how-to-sell-your-house-fast,True,False,How To Sell Your House Fast,,Discover the seamless path to selling your house fast in Tennessee with Tennessee Cash For Homes. Get a fair cash offer in as little as 24 hours!,,How To Sell Your House Fast,,https://www.tennesseecashforhomes.com/post/how-to-sell-your-house-fast,,MISSING_ON_WP
/post/how-to-sell-your-house-fast-in-tennessee,True,False,How to Sell Your House Fast in Tennessee,,Learn expert tips to Sell Your House Fast in Tennessee. Discover strategies to Sell Your House Fast in Tennessee and close deals quickly.,,How to Sell Your House Fast in Tennessee,,https://www.tennesseecashforhomes.com/post/how-to-sell-your-house-fast-in-tennessee,,MISSING_ON_WP
/post/how-to-sell-your-house-fast-in-tennessee-insider-tips-for-a-quick-hassle-free-sale,True,False,"How to Sell Your House Fast in Tennessee: Insider Tips for a Quick, Hassle-Free Sale",,"Discover proven strategies to Sell Your House Fast in Tennessee. Maximize returns with insider tips for a quick, hassle-free sale today!",,"How to Sell Your House Fast in Tennessee: Insider Tips for a Quick, Hassle-Free Sale",,https://www.tennesseecashforhomes.com/post/how-to-sell-your-house-fast-in-tennessee-insider-tips-for-a-quick-hassle-free-sale,,MISSING_ON_WP
/post/how-to-sell-your-house-for-cash,True,False,How to sell your house for cash,,"Learn how to sell your house for cash in Murfreesboro, TN. Discover tailored solutions, 5-day and 30-day selling strategies, and top house-selling platforms.",,How To Sell Your House For Cash,,https://www.tennesseecashforhomes.com/post/how-to-sell-your-house-for-cash,,MISSING_ON_WP
/post/inheriting-a-house-that-is-paid-off-what-you-need-to-know,True,False,Inheriting a House That Is Paid Off: Key Considerations,,Navigating the complexities of inheriting a paid-off house can be daunting. Learn your options from moving in to selling and tax implications in our guide!,,Inheriting a House That is Paid Off: What You Need to Know,,https://www.tennesseecashforhomes.com/post/inheriting-a-house-that-is-paid-off-what-you-need-to-know,,MISSING_ON_WP
/post/is-selling-your-home-for-cash-a-good-idea-a-complete-guide-for-tennessee-homeowners,True,False,Is Selling Your Home for Cash a Good Idea? A Complete Guide for Tennessee Homeowners,,Is Selling Your Home for Cash a Good Idea? Discover the benefits and drawbacks for Tennessee homeowners. Is Selling Your Home for Cash a Good Idea?,,Is Selling Your Home for Cash a Good Idea? A Complete Guide for Tennessee Homeowners,,https://www.tennesseecashforhomes.com/post/is-selling-your-home-for-cash-a-good-idea-a-complete-guide-for-tennessee-homeowners,,MISSING_ON_WP
/post/lead-paint-understanding-the-risks-and-taking-action,True,False,Lead Paint: Understanding the Risks and Taking Action,,"Uncover the hidden dangers of lead paint in older homes and safeguard your family's health. Learn to identify, manage, and mitigate lead paint risks.",,Lead Paint: Understanding the Risks and Taking Action,,https://www.tennesseecashforhomes.com/post/lead-paint-understanding-the-risks-and-taking-action,,MISSING_ON_WP
/post/managing-properties-with-large-liens,True,False,Managing Properties with Large Liens,,Discover how to navigate the complexities of managing properties with large liens in Tennessee. Find practical advice for homeowners in Tennessee.,,Managing Properties with Large Liens,,https://www.tennesseecashforhomes.com/post/managing-properties-with-large-liens,,MISSING_ON_WP
/post/mold-in-the-home-understanding-the-risks,True,False,Mold in The Home: Understanding the Risks,,"Uncover the dangers of mold in the home, its prevalence in Tennessee, and how Tennessee Cash For Homes can help homeowners tackle this issue.",,Mold in The Home: Understanding the Risks,,https://www.tennesseecashforhomes.com/post/mold-in-the-home-understanding-the-risks,,MISSING_ON_WP
/post/mortgage-interest-rates-how-to-plan-in-2024,True,False,Mortgage Interest Rates: How to Plan in 2024?,,"Navigate the complex world of real estate in 2024 by staying informed on mortgage interest rates. Whether buying or selling, be prepared!",,Mortgage Interest Rates: How to Plan in 2024?,,https://www.tennesseecashforhomes.com/post/mortgage-interest-rates-how-to-plan-in-2024,,MISSING_ON_WP
/post/navigating-bankruptcy-a-homeowner-s-guide,True,False,Navigating Bankruptcy: A Homeowner's Guide,,"Navigate the complexities of bankruptcy as a homeowner in Tennessee. Learn about Chapter 7 and 13, understand the impact on your home, and explore selling options.",,Navigating Bankruptcy: A Homeowner's Guide,,https://www.tennesseecashforhomes.com/post/navigating-bankruptcy-a-homeowner-s-guide,,MISSING_ON_WP
/post/navigating-probate-in-tennessee-a-simplified-guide,True,False,Probate in Tennessee: Key Considerations and Steps,,Navigating probate in Tennessee? Discover key steps and strategies for a smoother process. Learn about probate laws and valuable resources in Nashville.,,Probate in Tennessee: Key Considerations and Steps,,https://www.tennesseecashforhomes.com/post/navigating-probate-in-tennessee-a-simplified-guide,,MISSING_ON_WP
/post/navigating-real-estate-decisions-selling-your-house-before-or-after-a-divorce,True,False,Navigating Real Estate Decisions: Selling Your House Before or After a Divorce,,Navigating the emotional rollercoaster of divorce? Learn the pros and cons of 'Selling House During Divorce' to make the best decision for your future.,,Navigating Real Estate Decisions: Selling Your House Before or After a Divorce,,https://www.tennesseecashforhomes.com/post/navigating-real-estate-decisions-selling-your-house-before-or-after-a-divorce,,MISSING_ON_WP
/post/navigating-real-estate-transactions-with-promissory-notes-insights-from-tennessee-cash-for-homes,True,False,Navigating Real Estate Transactions with Promissory Notes: Insights from Tennessee Cash For Homes,,Unlock the power of promissory notes in real estate transactions with insights from Tennessee Cash For Homes. Discover tailored solutions in Tennessee.,,Navigating Real Estate Transactions with Promissory Notes: Insights from Tennessee Cash For Homes,,https://www.tennesseecashforhomes.com/post/navigating-real-estate-transactions-with-promissory-notes-insights-from-tennessee-cash-for-homes,,MISSING_ON_WP
/post/navigating-tennessee-s-2025-property-tax-changes-what-homeowners-need-to-know,True,False,Navigating Tennessee's 2025 Property Tax Changes: What Homeowners Need to Know,,Explore Tennessee's 2025 Property Tax Changes and learn how they impact homeowners. Stay informed with our guide on 2025 Property Tax Changes.,,Navigating Tennessee's 2025 Property Tax Changes: What Homeowners Need to Know,,https://www.tennesseecashforhomes.com/post/navigating-tennessee-s-2025-property-tax-changes-what-homeowners-need-to-know,,MISSING_ON_WP
/post/navigating-the-2025-tennessee-real-estate-market-a-comprehensive-guide-for-sellers,True,False,Navigating the 2025 Tennessee Real Estate Market: A Comprehensive Guide for Sellers,,Explore the 2025 Tennessee Real Estate Market with our comprehensive guide for sellers. Navigate the 2025 Tennessee Real Estate Market confidently.,,Navigating the 2025 Tennessee Real Estate Market: A Comprehensive Guide for Sellers,,https://www.tennesseecashforhomes.com/post/navigating-the-2025-tennessee-real-estate-market-a-comprehensive-guide-for-sellers,,MISSING_ON_WP
/post/navigating-the-financial-landscape-understanding-the-cost-of-living-in-murfreesboro-tennessee,True,False,"Navigating the Financial Landscape: Understanding the Cost of Living in Murfreesboro, Tennessee",,"Discover the ins and outs of the Cost of Living in Murfreesboro, Tennessee. Get a clear picture of housing, utilities, transportation, childcare, and more.",,"Navigating the Financial Landscape: Understanding the Cost of Living in Murfreesboro, Tennessee",,https://www.tennesseecashforhomes.com/post/navigating-the-financial-landscape-understanding-the-cost-of-living-in-murfreesboro-tennessee,,MISSING_ON_WP
/post/navigating-the-property-landscape-insights-into-clarksville-s-real-estate-market,True,False,Navigating the Property Landscape: Insights into Clarksville's Real Estate Market,,"Uncover the dynamic landscape of Clarksville's Real Estate Market. From trends to investment opportunities, learn how to navigate this thriving market.",,Navigating the Property Landscape: Insights into Clarksville's Real Estate Market,,https://www.tennesseecashforhomes.com/post/navigating-the-property-landscape-insights-into-clarksville-s-real-estate-market,,MISSING_ON_WP
/post/navigating-the-tennessee-real-estate-market-a-guide-to-selling-your-home-fast,True,False,Navigating the Tennessee Real Estate Market: A Guide to Selling Your Home Fast,,Looking to sell your home fast in Tennessee's dynamic market? Learn how to navigate the real estate nuances and leverage cash buyers for a stress-free transaction.,,Navigating the Tennessee Real Estate Market: A Guide to Selling Your Home Fast,,https://www.tennesseecashforhomes.com/post/navigating-the-tennessee-real-estate-market-a-guide-to-selling-your-home-fast,,MISSING_ON_WP
/post/planning-to-upgrade-a-guide-for-homeowners,True,False,Planning to Upgrade: A Guide for Homeowners,,"Discover the ultimate guide for homeowners in Tennessee planning to upgrade. From budgeting advice to selling tips, make your home upgrade a breeze!",,Planning to Upgrade: A Guide for Homeowners,,https://www.tennesseecashforhomes.com/post/planning-to-upgrade-a-guide-for-homeowners,,MISSING_ON_WP
/post/process-of-selling-your-house-for-cash-what-it-looks-like,True,False,"Selling Your House for Cash: The Efficient, Stress-Free Process",,"Discover the stress-free process of selling your house for cash in Murfreesboro. Explore a faster, hassle-free alternative with Tennessee Cash For Homes.",,Process of Selling Your House for Cash: What It Looks Like,,https://www.tennesseecashforhomes.com/post/process-of-selling-your-house-for-cash-what-it-looks-like,,MISSING_ON_WP
/post/radon-in-the-house-the-invisible-threat-in-tennessee-homes,True,False,Radon in The House: The Invisible Threat in Tennessee Homes,,"Discover the hidden danger of radon in the house and its impact on Tennessee homes. Learn how to detect, mitigate, and sell your home with Tennessee Cash For Homes.",,Radon in The House: The Invisible Threat in Tennessee Homes,,https://www.tennesseecashforhomes.com/post/radon-in-the-house-the-invisible-threat-in-tennessee-homes,,MISSING_ON_WP
/post/relocating-after-selling-your-house-with-tennessee-cash-for-homes-a-comprehensive-guide,True,False,Relocating After Selling Your House with Tennessee Cash For Homes: A Comprehensive Guide,,Discover a seamless move with Tennessee Cash For Homes. Our comprehensive guide ensures a smooth transition after selling your house and relocating.,,Relocating After Selling Your House with Tennessee Cash For Homes: A Comprehensive Guide,,https://www.tennesseecashforhomes.com/post/relocating-after-selling-your-house-with-tennessee-cash-for-homes-a-comprehensive-guide,,MISSING_ON_WP
/post/renovating-a-house-tips-that-increase-home-value-in-tennessee,True,False,Strategic Tips for Renovating a House to Boost Value in Tennessee,,"Discover top-notch renovating a house tips to boost your home's value in Tennessee. From kitchen updates to energy efficiency, make your home stand out!",,Renovating A House Tips To Increase Home Value in Tennessee,,https://www.tennesseecashforhomes.com/post/renovating-a-house-tips-that-increase-home-value-in-tennessee,,MISSING_ON_WP
/post/repairing-tenant-damage,True,False,Expert Tips for Repairing Tenant Damage in Nashville,,Learn how to handle repairing tenant damage and protecting your rental property investment in Nashville. Swift action and clear communication are key!,,Repairing Tenant Damage In Your Rental Property,,https://www.tennesseecashforhomes.com/post/repairing-tenant-damage,,MISSING_ON_WP
/post/sell-your-house-fast-for-cash-a-step-by-step-guide-for-success,True,False,Sell Your House Fast for Cash in Tennessee: A Guide,,Discover the step-by-step guide to sell your house fast for cash in Tennessee. Find out how to skip repairs and sell stress-free with Tennessee Cash For Homes.,,Sell Your House Fast for Cash: A Step-by-Step Guide for Success,,https://www.tennesseecashforhomes.com/post/sell-your-house-fast-for-cash-a-step-by-step-guide-for-success,,MISSING_ON_WP
/post/selling-a-distressed-property-for-fast-cash-a-comprehensive-guide,True,False,Selling a Distressed Property for Fast Cash: A Comprehensive Guide,,"Looking to sell a distressed property? Consider a quick, hassle-free cash sale with Tennessee Cash For Homes in Nashville. Learn more in our comprehensive guide!",,Selling a Distressed Property for Fast Cash: A Comprehensive Guide,,https://www.tennesseecashforhomes.com/post/selling-a-distressed-property-for-fast-cash-a-comprehensive-guide,,MISSING_ON_WP
/post/selling-a-hoarder-home-for-cash-a-step-by-step-guide-for-tennessee-homeowners,True,False,Selling a Hoarder Home for Cash: A Step-by-Step Guide for Tennessee Homeowners,,Selling a hoarder home in Tennessee? Discover a step-by-step guide to selling a hoarder home for cash quickly and efficiently. Start now!,,Selling a Hoarder Home for Cash: A Step-by-Step Guide for Tennessee Homeowners,,https://www.tennesseecashforhomes.com/post/selling-a-hoarder-home-for-cash-a-step-by-step-guide-for-tennessee-homeowners,,MISSING_ON_WP
/post/selling-a-home-with-code-violations-a-guide-for-tennessee-homeowners,True,False,Selling a Home with Code Violations: A Guide for Tennessee Homeowners,,Selling a Home with Code Violations in Tennessee? Discover expert tips for navigating legal challenges and streamline your sale process today.,,Selling a Home with Code Violations: A Guide for Tennessee Homeowners,,https://www.tennesseecashforhomes.com/post/selling-a-home-with-code-violations-a-guide-for-tennessee-homeowners,,MISSING_ON_WP
/post/selling-a-house-after-a-failed-inspection-in-tennessee-your-guide-to-moving-forward,True,False,Selling a House After a Failed Inspection in Tennessee: Your Guide to Moving Forward,,Navigate the complexities of Selling a House After a Failed Inspection in Tennessee. Discover hassle-free solutions for Selling a House After a Failed Inspection in Tennessee.,,Selling a House After a Failed Inspection in Tennessee: Your Guide to Moving Forward,,https://www.tennesseecashforhomes.com/post/selling-a-house-after-a-failed-inspection-in-tennessee-your-guide-to-moving-forward,,MISSING_ON_WP
/post/selling-a-house-in-poor-condition-unlocking-the-value-of-as-is-sales,True,False,Selling a House in Poor Condition: Unlocking the Value of “As-Is” Sales,,"Selling a House in Poor Condition? Discover the benefits of ""as-is"" sales. Learn how to simplify the process and secure a fair cash offer today.",,Selling a House in Poor Condition: Unlocking the Value of “As-Is” Sales,,https://www.tennesseecashforhomes.com/post/selling-a-house-in-poor-condition-unlocking-the-value-of-as-is-sales,,MISSING_ON_WP
/post/selling-a-house-in-probate-a-complete-guide-for-tennessee-homeowners,True,False,Selling a House in Probate: A Complete Guide for Tennessee Homeowners,,Selling a House in Probate in Tennessee? Discover essential tips and streamline your process with our comprehensive guide to Selling a House in Probate.,,Selling a House in Probate: A Complete Guide for Tennessee Homeowners,,https://www.tennesseecashforhomes.com/post/selling-a-house-in-probate-a-complete-guide-for-tennessee-homeowners,,MISSING_ON_WP
/post/selling-a-house-with-a-lien-in-tennessee-a-comprehensive-guide,True,False,Selling a House with a Lien in Tennessee: A Comprehensive Guide,,"Navigating the complexities of selling a house with a lien in Tennessee? Learn the process, tips, and insights in our comprehensive guide.",,Selling a House with a Lien in Tennessee: A Comprehensive Guide,,https://www.tennesseecashforhomes.com/post/selling-a-house-with-a-lien-in-tennessee-a-comprehensive-guide,,MISSING_ON_WP
/post/selling-a-house-with-foundation-issues-in-tennessee-what-homeowners-need-to-know,True,False,Selling a House with Foundation Issues in Tennessee: What Homeowners Need to Know,,Learn the best strategies for Selling a House with Foundation Issues in Tennessee. Discover how Selling a House with Foundation Issues can be simplified.,,Selling a House with Foundation Issues in Tennessee: What Homeowners Need to Know,,https://www.tennesseecashforhomes.com/post/selling-a-house-with-foundation-issues-in-tennessee-what-homeowners-need-to-know,,MISSING_ON_WP
/post/selling-a-house-with-structural-damage-in-tennessee-what-homeowners-need-to-know,True,False,Selling a House with Structural Damage in Tennessee: What Homeowners Need to Know,,Selling a House with Structural Damage in Tennessee? Discover expert insights on navigating the market and find the right buyer for a smooth sale.,,Selling a House with Structural Damage in Tennessee: What Homeowners Need to Know,,https://www.tennesseecashforhomes.com/post/selling-a-house-with-structural-damage-in-tennessee-what-homeowners-need-to-know,,MISSING_ON_WP
/post/selling-a-house-with-unpermitted-work-in-tennessee-a-complete-guide-to-your-options,True,False,Selling a House with Unpermitted Work in Tennessee: A Complete Guide to Your Options,,Navigate the challenges of Selling a House with Unpermitted Work in Tennessee. Discover stress-free solutions for Selling a House with Unpermitted Work in Tennessee.,,Selling a House with Unpermitted Work in Tennessee: A Complete Guide to Your Options,,https://www.tennesseecashforhomes.com/post/selling-a-house-with-unpermitted-work-in-tennessee-a-complete-guide-to-your-options,,MISSING_ON_WP
/post/selling-a-rental-property-with-problem-tenants-in-tennessee-what-landlords-need-to-know,True,False,Selling a Rental Property with Problem Tenants in Tennessee: What Landlords Need to Know,,Selling a Rental Property with Problem Tenants in Tennessee can be profitable. Discover how to navigate legalities and maximize your sale.,,Selling a Rental Property with Problem Tenants in Tennessee: What Landlords Need to Know,,https://www.tennesseecashforhomes.com/post/selling-a-rental-property-with-problem-tenants-in-tennessee-what-landlords-need-to-know,,MISSING_ON_WP
/post/selling-a-vacant-house-in-tennessee-challenges-solutions-and-how-to-simplify-the-process,True,False,"Selling a Vacant House in Tennessee: Challenges, Solutions, and How to Simplify the Process",,Selling a Vacant House in Tennessee? Discover solutions to challenges & simplify the process. Learn how Selling a Vacant House in Tennessee can be stress-free.,,"Selling a Vacant House in Tennessee: Challenges, Solutions, and How to Simplify the Process",,https://www.tennesseecashforhomes.com/post/selling-a-vacant-house-in-tennessee-challenges-solutions-and-how-to-simplify-the-process,,MISSING_ON_WP
/post/selling-an-inherited-property-for-cash,True,False,Selling An Inherited Property For Cash,,Uncover the best choice for your inherited property in Tennessee. Selling an inherited property made simple with Tennessee Cash For Homes.,,Selling An Inherited Property For Cash,,https://www.tennesseecashforhomes.com/post/selling-an-inherited-property-for-cash,,MISSING_ON_WP
/post/selling-homes-as-is-condition,True,False,"Selling Homes ""As-Is"" Condition",,"Discover the stress-free way of selling your home in 'as is condition' to a reliable cash buyer like Tennessee Cash For Homes in Nashville, TN.",,"Selling Homes ""As-Is"" Condition",,https://www.tennesseecashforhomes.com/post/selling-homes-as-is-condition,,MISSING_ON_WP
/post/selling-your-fire-damaged-home-for-cash-in-tennessee,True,False,Selling Your Fire-Damaged Home for Cash in Tennessee,,Selling Your Fire-Damaged Home for cash in Tennessee has never been easier. Discover how to quickly sell your fire-damaged home today!,,Selling Your Fire-Damaged Home for Cash in Tennessee,,https://www.tennesseecashforhomes.com/post/selling-your-fire-damaged-home-for-cash-in-tennessee,,MISSING_ON_WP
/post/selling-your-home-due-to-financial-hardship-a-tennessee-homeowner-s-guide,True,False,Selling Your Home Due to Financial Hardship: A Tennessee Homeowner’s Guide,,Selling Your Home Due to Financial Hardship in Tennessee? Discover how to navigate the process and regain financial stability. Learn more now!,,Selling Your Home Due to Financial Hardship: A Tennessee Homeowner’s Guide,,https://www.tennesseecashforhomes.com/post/selling-your-home-due-to-financial-hardship-a-tennessee-homeowner-s-guide,,MISSING_ON_WP
/post/selling-your-home-in-tennessee-understanding-market-trends-and-cash-sale-benefits,True,False,Selling Your Home in Tennessee: Understanding Market Trends and Cash Sale Benefits,,Selling Your Home in Tennessee? Discover market trends and cash sale benefits. Learn how to navigate the real estate landscape for a smooth sale.,,Selling Your Home in Tennessee: Understanding Market Trends and Cash Sale Benefits,,https://www.tennesseecashforhomes.com/post/selling-your-home-in-tennessee-understanding-market-trends-and-cash-sale-benefits,,MISSING_ON_WP
/post/selling-your-home-without-a-realtor-in-tennessee-a-step-by-step-guide,True,False,Selling Your Home Without a Realtor in Tennessee: A Step-by-Step Guide,,"Discover the step-by-step guide to selling your home without a realtor in Tennessee. Take control, save on commissions, and succeed in the Nashville market.",,Selling Your Home Without a Realtor in Tennessee: A Step-by-Step Guide,,https://www.tennesseecashforhomes.com/post/selling-your-home-without-a-realtor-in-tennessee-a-step-by-step-guide,,MISSING_ON_WP
/post/selling-your-house-for-cash-in-tennessee-a-comprehensive-guide-for-2025,True,False,Selling Your House for Cash in Tennessee: A Comprehensive Guide for 2025,,"Explore the benefits of Selling Your House for Cash in Tennessee in 2025. Discover a fast, hassle-free process with our comprehensive guide.",,Selling Your House for Cash in Tennessee: A Comprehensive Guide for 2025,,https://www.tennesseecashforhomes.com/post/selling-your-house-for-cash-in-tennessee-a-comprehensive-guide-for-2025,,MISSING_ON_WP
/post/selling-your-house-in-tennessee-in-2025-what-homeowners-need-to-know-for-a-successful-sale,True,False,Selling Your House in Tennessee in 2025: What Homeowners Need to Know for a Successful Sale,,Discover essential tips for Selling Your House in Tennessee in 2025. Navigate the market with confidence and achieve a successful sale today!,,Selling Your House in Tennessee in 2025: What Homeowners Need to Know for a Successful Sale,,https://www.tennesseecashforhomes.com/post/selling-your-house-in-tennessee-in-2025-what-homeowners-need-to-know-for-a-successful-sale,,MISSING_ON_WP
/post/selling-your-tennessee-home-for-cash-how-the-seasons-impact-your-sale,True,False,Selling Your Tennessee Home for Cash: How the Seasons Impact Your Sale,,Discover how the seasons impact Selling Your Tennessee Home for Cash. Learn the best timing to maximize your cash sale in Tennessee today!,,Selling Your Tennessee Home for Cash: How the Seasons Impact Your Sale,,https://www.tennesseecashforhomes.com/post/selling-your-tennessee-home-for-cash-how-the-seasons-impact-your-sale,,MISSING_ON_WP
/post/should-i-accept-a-cash-offer-for-my-house,True,False,Should I Accept a Cash Offer For My House,,Navigate the pivotal decision of 'should I accept a cash offer for my house' with confidence. Discover the benefits and nuances to make an informed choice.,,Should I Accept a Cash Offer For My House,,https://www.tennesseecashforhomes.com/post/should-i-accept-a-cash-offer-for-my-house,,MISSING_ON_WP
/post/should-i-sell-my-house-subject-to,True,False,Should I Sell My House Subject-To?,,Uncover the pros and cons of selling your house Subject-To in Tennessee. Learn how this creative real estate strategy could be your ticket to financial relief.,,Should I Sell My House Subject-To?,,https://www.tennesseecashforhomes.com/post/should-i-sell-my-house-subject-to,,MISSING_ON_WP
/post/subject-to-deals-in-tennessee-a-comprehensive-guide,True,False,Subject-To Deals in Tennessee: A Comprehensive Guide,,"Explore the game-changing 'subject-to' deal in Tennessee's real estate market with Tennessee Cash For Homes. Discover the benefits, risks, and legal implications.",,Subject-To Deals in Tennessee: A Comprehensive Guide,,https://www.tennesseecashforhomes.com/post/subject-to-deals-in-tennessee-a-comprehensive-guide,,MISSING_ON_WP
/post/tennessee-ice-storm-damage-and-what-it-means-for-the-real-estate-market,True,False,Tennessee Ice Storm Damage and What It Means for the Real Estate Market,,Explore how Tennessee Ice Storm Damage impacts the real estate market. Learn how Tennessee Ice Storm Damage affects buying and selling homes.,,Tennessee Ice Storm Damage and What It Means for the Real Estate Market,,https://www.tennesseecashforhomes.com/post/tennessee-ice-storm-damage-and-what-it-means-for-the-real-estate-market,,MISSING_ON_WP
/post/tennessee-state-foreclosure-laws,True,False,Tennessee State Foreclosure Laws,,"Dive into the depths of Tennessee's foreclosure process with our comprehensive guide. Uncover state-specific laws, discover strategies to halt foreclosure, and gain expert insights from My Tennessee Home Solution. Whether you seek to sell your house fast or navigate the complexities of foreclosure, we offer personalized assistance and support. Contact us for expert guidance through your unique homeownership journey",,Tennessee State Foreclosure Laws,,https://www.tennesseecashforhomes.com/post/tennessee-state-foreclosure-laws,,MISSING_ON_WP
/post/tennessee-title-transfer-for-cash-sales,True,False,Simplify Tennessee Title Transfer for Cash Sales with Tennessee Cash For Homes,,Looking to simplify Tennessee title transfer for cash sales? Discover a hassle-free solution with Tennessee Cash For Homes in Nashville.,,Simplify Tennessee Title Transfer for Cash Sales with Tennessee Cash For Homes,,https://www.tennesseecashforhomes.com/post/tennessee-title-transfer-for-cash-sales,,MISSING_ON_WP
/post/the-comprehensive-home-loan-guide-for-future-homeowners-in-tennessee,True,False,The Comprehensive Home Loan Guide for Future Homeowners in Tennessee,,Navigate the complex landscape of home loans with confidence. Our comprehensive guide simplifies the mortgage process for future homeowners in Tennessee.,,The Comprehensive Home Loan Guide for Future Homeowners in Tennessee,,https://www.tennesseecashforhomes.com/post/the-comprehensive-home-loan-guide-for-future-homeowners-in-tennessee,,MISSING_ON_WP
/post/the-cost-of-living-in-clarksville-tennessee,True,False,"The Cost of Living in Clarksville, Tennessee",,"Discover the affordable Cost of Living in Clarksville, Tennessee! From housing to healthcare, explore the expenses and how Tennessee Cash For Homes can assist you.",,"The Cost of Living in Clarksville, Tennessee",,https://www.tennesseecashforhomes.com/post/the-cost-of-living-in-clarksville-tennessee,,MISSING_ON_WP
/post/the-difference-between-seller-financing-and-subject-to-a-comprehensive-guide-for-homeowner,True,False,The Difference Between Seller Financing and Subject-To: A Comprehensive Guide for Homeowner,,Learn the nuances of Seller Financing and Subject-To in real estate transactions. Discover their differences and benefits for buyers and sellers.,,The Difference Between Seller Financing and Subject-To: A Comprehensive Guide for Homeowner,,https://www.tennesseecashforhomes.com/post/the-difference-between-seller-financing-and-subject-to-a-comprehensive-guide-for-homeowner,,MISSING_ON_WP
/post/the-difference-between-selling-your-house-with-an-agent-vs-selling-to-a-cash-buyer,True,False,Knowing The Difference: Sell House Cash Buyer vs Agent,,Discover the pros and cons of selling your house with a real estate agent or a cash buyer like Tennessee Cash For Homes in Nashville. Sell House Cash Buyer vs Agent!,,Knowing The Difference: Sell House Cash Buyer vs Agent,,https://www.tennesseecashforhomes.com/post/the-difference-between-selling-your-house-with-an-agent-vs-selling-to-a-cash-buyer,,MISSING_ON_WP
/post/the-digital-shift-how-online-home-searches-impact-homebuying,True,False,The Digital Shift: Impact of Online Home Searches,,Discover how Online Home Searches are revolutionizing the homebuying process. Explore the impact of digital technology on real estate in Nashville.,,The Digital Shift: How Online Home Searches Impact Homebuying,,https://www.tennesseecashforhomes.com/post/the-digital-shift-how-online-home-searches-impact-homebuying,,MISSING_ON_WP
/post/the-emotional-side-of-selling-your-home-what-tennessee-homeowners-should-know,True,False,The Emotional Side of Selling Your Home: What Tennessee Homeowners Should Know,,Explore the emotional journey of selling your home in Tennessee. Discover tips to manage emotions and make selling your home smoother.,,The Emotional Side of Selling Your Home: What Tennessee Homeowners Should Know,,https://www.tennesseecashforhomes.com/post/the-emotional-side-of-selling-your-home-what-tennessee-homeowners-should-know,,MISSING_ON_WP
/post/the-growing-trend-of-cash-home-sales-a-closer-look-at-the-numbers,True,False,The Growing Trend of Cash Home Sales: A Closer Look at the Numbers,,Discover the rise of Cash Home Sales in today's real estate market. Explore the statistics and factors driving this growing trend.,,The Growing Trend of Cash Home Sales: A Closer Look at the Numbers,,https://www.tennesseecashforhomes.com/post/the-growing-trend-of-cash-home-sales-a-closer-look-at-the-numbers,,MISSING_ON_WP
/post/the-hidden-costs-of-selling-your-home-the-traditional-way,True,False,The Hidden Costs of Selling Your Home the Traditional Way,,"Discover the hidden costs of selling your home the traditional way, from realtor commissions to repair expenses. Learn how to save time and money with cash offers from Tennessee Cash For Homes.",,The Hidden Costs of Selling Your Home the Traditional Way,,https://www.tennesseecashforhomes.com/post/the-hidden-costs-of-selling-your-home-the-traditional-way,,MISSING_ON_WP
/post/the-modern-approach-to-property-sales-for-cash,True,False,The Modern Approach to Property Sales For Cash,,"Looking to sell your property quickly in Nashville, TN? Discover the modern approach to Property Sales For Cash. Learn the benefits and drawbacks now!",,The Modern Approach to Property Sales For Cash,,https://www.tennesseecashforhomes.com/post/the-modern-approach-to-property-sales-for-cash,,MISSING_ON_WP
/post/the-professional-choice-we-buy-houses-in-tennessee,True,False,The Professional Choice: We Buy Houses in Tennessee,,"Looking to sell your Tennessee home? Discover the professional choice with Tennessee Cash For Homes. Swift, cash offers and local expertise. We buy houses Tennessee!",,The Professional Choice: We Buy Houses in Tennessee,,https://www.tennesseecashforhomes.com/post/the-professional-choice-we-buy-houses-in-tennessee,,MISSING_ON_WP
/post/the-pros-and-cons-of-selling-your-home-for-cash,True,False,The Pros and Cons of Selling Your Home for Cash,,"Considering selling your home for cash? Learn the pros and cons, and why a real estate development firm like Tennessee Cash For Homes can be a game-changer.",,The Pros and Cons of Selling Your Home for Cash,,https://www.tennesseecashforhomes.com/post/the-pros-and-cons-of-selling-your-home-for-cash,,MISSING_ON_WP
/post/the-role-of-junk-removal-services-in-streamlining-cash-home-sales-in-tennessee,True,False,The Role of Junk Removal Services in Streamlining Cash Home Sales in Tennessee,,Discover how junk removal services can streamline the cash home sale process in Tennessee. Learn how decluttering can attract buyers and save time!,,The Role of Junk Removal Services in Streamlining Cash Home Sales in Tennessee,,https://www.tennesseecashforhomes.com/post/the-role-of-junk-removal-services-in-streamlining-cash-home-sales-in-tennessee,,MISSING_ON_WP
/post/the-silent-killer-carbon-monoxide-in-tennessee-homes,True,False,The Silent Killer: Carbon Monoxide in Tennessee Homes,,Discover the dangers of carbon monoxide in Tennessee homes and how to safeguard against this silent threat. Learn how Tennessee Cash For Homes can help.,,The Silent Killer: Carbon Monoxide in Tennessee Homes,,https://www.tennesseecashforhomes.com/post/the-silent-killer-carbon-monoxide-in-tennessee-homes,,MISSING_ON_WP
/post/the-tennessee-foreclosure-process,True,False,The Tennessee Foreclosure Process,,Discover the Tennessee foreclosure process and individual rights in Murfreesboro. Learn how to navigate the nonjudicial foreclosure status effectively.,,The Tennessee Foreclosure Process,,https://www.tennesseecashforhomes.com/post/the-tennessee-foreclosure-process,,MISSING_ON_WP
/post/top-10-home-improvements-to-boost-your-property-s-value-before-selling,True,False,Top 10 Home Improvements to Increase Your Property's Value Before Selling,,"Looking to boost your property value before selling? Discover the top 10 home improvements to attract buyers and secure a better offer in Nashville, TN.",,Top 10 Home Improvements to Increase Your Property's Value Before Selling,,https://www.tennesseecashforhomes.com/post/top-10-home-improvements-to-boost-your-property-s-value-before-selling,,MISSING_ON_WP
/post/top-5-reasons-tennessee-homeowners-are-selling-for-cash-in-2025,True,False,Top 5 Reasons Tennessee Homeowners Are Selling for Cash in 2025,,"Discover the top 5 reasons Tennessee homeowners are selling for cash in 2025. From saving time to avoiding stress, find out why it's the preferred choice.",,Top 5 Reasons Tennessee Homeowners Are Selling for Cash in 2025,,https://www.tennesseecashforhomes.com/post/top-5-reasons-tennessee-homeowners-are-selling-for-cash-in-2025,,MISSING_ON_WP
/post/top-5-reasons-to-sell-your-home-to-a-cash-buyer-in-tennessee,True,False,Top 5 Reasons to Sell Your Home to a Cash Buyer in Tennessee,,Looking to sell your home in Tennessee? Discover the top 5 reasons to sell your home to a cash buyer and make your selling process quick and stress-free.,,Top 5 Reasons to Sell Your Home to a Cash Buyer in Tennessee,,https://www.tennesseecashforhomes.com/post/top-5-reasons-to-sell-your-home-to-a-cash-buyer-in-tennessee,,MISSING_ON_WP
/post/top-reasons-homeowners-choose-cash-buyers-in-tennessee-over-realtors,True,False,Top Reasons Homeowners Choose Cash Buyers in Tennessee Over Realtors,,"Learn why homeowners in Tennessee choose cash buyers over realtors for faster closings, no repairs, no fees, and a stress-free home-selling experience.",,Top Reasons Homeowners Choose Cash Buyers in Tennessee Over Realtors,,https://www.tennesseecashforhomes.com/post/top-reasons-homeowners-choose-cash-buyers-in-tennessee-over-realtors,,MISSING_ON_WP
/post/top-reasons-to-sell-your-distressed-house-to-a-cash-home-buyer-in-tennessee,True,False,Top Reasons to Sell Your Distressed House to a Cash Home Buyer in Tennessee,,Looking to sell distressed house in Tennessee? Learn why selling to a cash home buyer like Tennessee Cash For Homes in Nashville is the best option.,,Top Reasons to Sell Your Distressed House to a Cash Home Buyer in Tennessee,,https://www.tennesseecashforhomes.com/post/top-reasons-to-sell-your-distressed-house-to-a-cash-home-buyer-in-tennessee,,MISSING_ON_WP
/post/top-reasons-to-sell-your-house-for-cash-a-quick-and-hassle-free-guide,True,False,Top Reasons To Sell Your House for Cash: A Quick and Hassle-Free Guide,,Discover the top benefits of selling your house for cash in our comprehensive guide. Learn how to expedite the sale process and avoid costly repairs.,,Top Reasons To Sell Your House for Cash: A Quick and Hassle-Free Guide,,https://www.tennesseecashforhomes.com/post/top-reasons-to-sell-your-house-for-cash-a-quick-and-hassle-free-guide,,MISSING_ON_WP
/post/understanding-owner-financing-a-unique-way-to-sell-your-home,True,False,Understanding Owner Financing: A Unique Way to Sell Your Home,,,,Understanding Owner Financing: A Unique Way to Sell Your Home,,https://www.tennesseecashforhomes.com/post/understanding-owner-financing-a-unique-way-to-sell-your-home,,MISSING_ON_WP
/post/understanding-residential-septic-systems-a-guide-for-tennessee-homeowners,True,False,Understanding Residential Septic Systems: A Guide for Tennessee Homeowners,,Discover why understanding and maintaining your residential septic system is crucial for Tennessee homeowners. Learn about common issues and solutions.,,Understanding Residential Septic Systems: A Guide for Tennessee Homeowners,,https://www.tennesseecashforhomes.com/post/understanding-residential-septic-systems-a-guide-for-tennessee-homeowners,,MISSING_ON_WP
/post/understanding-the-tennessee-real-estate-market-trends-and-predictions,True,False,Understanding the Tennessee Real Estate Market: Trends and Predictions,,"Discover the latest trends and predictions in the thriving Tennessee real estate market. From urban migration to eco-friendly housing, find out what to expect.",,Understanding the Tennessee Real Estate Market: Trends and Predictions,,https://www.tennesseecashforhomes.com/post/understanding-the-tennessee-real-estate-market-trends-and-predictions,,MISSING_ON_WP
/post/what-happens-when-you-inherit-a-house-with-a-mortgage-in-tennessee,True,False,What Happens When You Inherit a House With a Mortgage in Tennessee?,,"Inheriting a house with a mortgage in Tennessee? Learn what happens next, your legal options, and how to handle payments, taxes, or a fast sale with help from Tennessee Cash For Homes.",,What Happens When You Inherit a House With a Mortgage in Tennessee?,,https://www.tennesseecashforhomes.com/post/what-happens-when-you-inherit-a-house-with-a-mortgage-in-tennessee,,MISSING_ON_WP
/post/what-happens-when-you-sell-a-home-in-pre-foreclosure-in-tennessee,True,False,What Happens When You Sell a Home in Pre-Foreclosure in Tennessee?,,Discover how to Sell a Home in Pre-Foreclosure in Tennessee effectively. Learn the steps to Sell a Home in Pre-Foreclosure in Tennessee and avoid foreclosure.,,What Happens When You Sell a Home in Pre-Foreclosure in Tennessee?,,https://www.tennesseecashforhomes.com/post/what-happens-when-you-sell-a-home-in-pre-foreclosure-in-tennessee,,MISSING_ON_WP
/post/what-not-to-say-when-selling-a-house-avoid-these-common-seller-mistakes,True,False,What Not to Say When Selling a House: Avoid These Common Seller Mistakes,,Discover essential tips on What Not to Say When Selling a House. Avoid common seller mistakes and protect your negotiating position effectively.,,What Not to Say When Selling a House: Avoid These Common Seller Mistakes,,https://www.tennesseecashforhomes.com/post/what-not-to-say-when-selling-a-house-avoid-these-common-seller-mistakes,,MISSING_ON_WP
/post/why-2025-is-the-best-year-to-sell-your-home-with-tennessee-cash-for-homes,True,False,Why 2025 Is the Best Year to Sell Your Home with Tennessee Cash For Homes,,"Learn why 2025 is the ideal year to sell your home with Tennessee Cash For Homes. Fast, fair cash offers make Tennessee Cash For Homes your go-to solution.",,Why 2025 Is the Best Year to Sell Your Home with Tennessee Cash For Homes,,https://www.tennesseecashforhomes.com/post/why-2025-is-the-best-year-to-sell-your-home-with-tennessee-cash-for-homes,,MISSING_ON_WP
/post/why-cash-for-homes-is-the-easiest-way-to-sell-your-property-in-tennessee,True,False,"Why ""Cash For Homes"" Is the Easiest Way to Sell Your Property in Tennessee",,Discover the stress-free way to sell your property in Tennessee with 'Cash For Homes.' Learn the benefits and process with Tennessee Cash For Homes.,,"Why ""Cash For Homes"" Is the Easiest Way to Sell Your Property in Tennessee",,https://www.tennesseecashforhomes.com/post/why-cash-for-homes-is-the-easiest-way-to-sell-your-property-in-tennessee,,MISSING_ON_WP
/post/why-selling-your-house-for-cash-in-tennessee-is-the-smart-choice,True,False,Why Selling Your House for Cash in Tennessee is the Smart Choice,,Discover the smart choice of selling your house for cash in Tennessee. Learn about the benefits and growing trend with Tennessee Cash For Homes.,,Why Selling Your House for Cash in Tennessee is the Smart Choice,,https://www.tennesseecashforhomes.com/post/why-selling-your-house-for-cash-in-tennessee-is-the-smart-choice,,MISSING_ON_WP
/post/why-selling-your-house-quickly-might-be-your-best-option,True,False,Why Selling Your House Quickly Might Be Your Best Option,,"Discover the benefits of selling your house quickly with Tennessee Cash For Homes. From speed and convenience to avoiding fees, find the best option in Tennessee.",,Why Selling Your House Quickly Might Be Your Best Option,,https://www.tennesseecashforhomes.com/post/why-selling-your-house-quickly-might-be-your-best-option,,MISSING_ON_WP
/post/why-tennessee-cash-for-homes-is-the-best-choice-for-selling-your-home-in-tennessee,True,False,Why Tennessee Cash For Homes is the Best Choice for Selling Your Home in Tennessee,,"Looking to sell your home in Tennessee? Discover why Tennessee Cash For Homes is your best choice. Expertise, local knowledge, and hassle-free selling.",,Why Tennessee Cash For Homes is the Best Choice for Selling Your Home in Tennessee,,https://www.tennesseecashforhomes.com/post/why-tennessee-cash-for-homes-is-the-best-choice-for-selling-your-home-in-tennessee,,MISSING_ON_WP
/post/why-tennessee-cash-for-homes-is-your-best-choice-for-selling-ugly-houses,True,False,Why Tennessee Cash For Homes is Your Best Choice for Selling Ugly Houses,,Discover why Tennessee Cash For Homes is your top choice for selling ugly houses in Tennessee. Get a fair cash offer and close in days! Sell Your Ugly House now.,,Why Tennessee Cash For Homes is Your Best Choice for Selling Ugly Houses,,https://www.tennesseecashforhomes.com/post/why-tennessee-cash-for-homes-is-your-best-choice-for-selling-ugly-houses,,MISSING_ON_WP
/post/why-tennessee-homeowners-are-choosing-cash-sales-insights-from-tennessee-cash-for-homes,True,False,Why Tennessee Homeowners Are Choosing Cash Sales: Insights from Tennessee Cash For Homes,,"Discover why Tennessee homeowners are choosing cash sales with Tennessee Cash For Homes. Speed, convenience, and certainty await in Nashville!",,Why Tennessee Homeowners Are Choosing Cash Sales: Insights from Tennessee Cash For Homes,,https://www.tennesseecashforhomes.com/post/why-tennessee-homeowners-are-choosing-cash-sales-insights-from-tennessee-cash-for-homes,,MISSING_ON_WP
/post/zillow-is-lying-about-your-home-s-value-the-zestimate-does-not-determine-your-home-s-value,True,False,Zillow Is Lying About Your Home’s Value The Zestimate Does Not Determine Your Home’s Value,,"Discover why ""Zillow Is Lying"" about your home's value. Learn how the Zestimate may mislead and explore accurate valuation methods today.",,Zillow Is Lying About Your Home’s Value The Zestimate Does Not Determine Your Home’s Value,,https://www.tennesseecashforhomes.com/post/zillow-is-lying-about-your-home-s-value-the-zestimate-does-not-determine-your-home-s-value,,MISSING_ON_WP
/privacy-policy,True,True,Tennessee Cash For Homes | Privacy Policy,Privacy Policy | Tennessee Cash For Homes,"Our Privacy Policy explains how Tennessee Cash For Homes collects, uses, and protects your personal information when you visit our website or use our services. Learn how we ensure your privacy and data security.","Read the Privacy Policy for Tennessee Cash For Homes. Learn how we collect, use, and protect your personal information.",Privacy Policy,Privacy Policy,https://www.tennesseecashforhomes.com/privacy-policy,https://nationcfh.wpcomstaging.com/privacy-policy/,TITLE_MISMATCH|META_MISMATCH
/probate-in-tennessee-key-considerations-and-steps,False,True,,Tennessee Cash For Homes | Sell Your House Fast for Cash,,"Sell your Tennessee house fast for cash. No repairs, no fees, no commissions. Get a fair all-cash offer in 24 hours. Close in as little as 7 days. Family-owned Tennessee home buyers.",,Sell Your House Fast For Cash! | We Buy Houses As-Is for Cash,,https://nationcfh.wpcomstaging.com/,NEW_ON_WP
/process-of-selling-your-house-for-cash-what-it-looks-like,False,True,,Tennessee Cash For Homes | Sell Your House Fast for Cash,,"Sell your Tennessee house fast for cash. No repairs, no fees, no commissions. Get a fair all-cash offer in 24 hours. Close in as little as 7 days. Family-owned Tennessee home buyers.",,Sell Your House Fast For Cash! | We Buy Houses As-Is for Cash,,https://nationcfh.wpcomstaging.com/,NEW_ON_WP
/projects,False,True,,Projects - Tennessee Cash For Homes,,Projects Our Projects Inspiration for Your Next Project Low Rise Building Commercial Winter Maintenance Residential Solar Roof Commercial Solar Roof Residential Traditional Style Pattern Residential Modern Style Pattern Residential,,Projects,,https://nationcfh.wpcomstaging.com/projects/,NEW_ON_WP
/radon-in-the-house-the-invisible-threat-in-tennessee-homes,False,True,,Tennessee Cash For Homes | Sell Your House Fast for Cash,,"Sell your Tennessee house fast for cash. No repairs, no fees, no commissions. Get a fair all-cash offer in 24 hours. Close in as little as 7 days. Family-owned Tennessee home buyers.",,Sell Your House Fast For Cash! | We Buy Houses As-Is for Cash,,https://nationcfh.wpcomstaging.com/,NEW_ON_WP
/relocating-after-selling-your-house-with-tennessee-cash-for-homes-a-comprehensive-guide,False,True,,Tennessee Cash For Homes | Sell Your House Fast for Cash,,"Sell your Tennessee house fast for cash. No repairs, no fees, no commissions. Get a fair all-cash offer in 24 hours. Close in as little as 7 days. Family-owned Tennessee home buyers.",,Sell Your House Fast For Cash! | We Buy Houses As-Is for Cash,,https://nationcfh.wpcomstaging.com/,NEW_ON_WP
/renovating-a-house-tips-to-increase-home-value-in-tennessee,False,True,,Tennessee Cash For Homes | Sell Your House Fast for Cash,,"Sell your Tennessee house fast for cash. No repairs, no fees, no commissions. Get a fair all-cash offer in 24 hours. Close in as little as 7 days. Family-owned Tennessee home buyers.",,Sell Your House Fast For Cash! | We Buy Houses As-Is for Cash,,https://nationcfh.wpcomstaging.com/,NEW_ON_WP
/repairing-tenant-damage-in-your-rental-property,False,True,,Tennessee Cash For Homes | Sell Your House Fast for Cash,,"Sell your Tennessee house fast for cash. No repairs, no fees, no commissions. Get a fair all-cash offer in 24 hours. Close in as little as 7 days. Family-owned Tennessee home buyers.",,Sell Your House Fast For Cash! | We Buy Houses As-Is for Cash,,https://nationcfh.wpcomstaging.com/,NEW_ON_WP
/roofing-agency-social-image,False,True,,Tennessee Cash For Homes | Sell Your House Fast for Cash,,"Sell your Tennessee house fast for cash. No repairs, no fees, no commissions. Get a fair all-cash offer in 24 hours. Close in as little as 7 days. Family-owned Tennessee home buyers.",,Sell Your House Fast For Cash! | We Buy Houses As-Is for Cash,,https://nationcfh.wpcomstaging.com/,NEW_ON_WP
/sell-house-as-is-tennessee,False,True,,Sell House As-Is Tennessee | Any Condition Cash Buyer | Tennessee Cash For Homes,,"Sell your house as-is in Tennessee with no repairs needed. We buy homes in any condition for cash. Fair offer, fast closing, zero fees. Call (615) 801-8126.",,Sell Your House As-Is For Cash in Tennessee: No Repairs Needed,,https://nationcfh.wpcomstaging.com/sell-house-as-is-tennessee/,NEW_ON_WP
/sell-house-behind-on-taxes-tennessee,False,True,,Sell House Behind on Property Taxes Tennessee | Tennessee Cash For Homes,,Behind on property taxes in Tennessee? Sell fast for cash and pay off your tax debt at closing. We close in as little as 14 days. Call (615) 801-8126.,,Sell Your Tennessee House Fast if You Are Behind on Property Taxes,,https://nationcfh.wpcomstaging.com/sell-house-behind-on-taxes-tennessee/,NEW_ON_WP
/sell-house-probate-tennessee,False,True,,Sell Probate Property Tennessee | Fast Cash Sale | Tennessee Cash For Homes,,Selling a house in probate in Tennessee? We work with probate attorneys and close fast once approved. No repairs needed. Call (615) 801-8126.,,Sell a Probate Property Fast For Cash in Tennessee,,https://nationcfh.wpcomstaging.com/sell-house-probate-tennessee/,NEW_ON_WP
/sell-inherited-house-tennessee,False,True,,Sell Inherited House Tennessee | Fast Cash Sale | Tennessee Cash For Homes,,Inherited a house in Tennessee? Sell fast for cash with no repairs and no cleanup needed. We work with estates and probate attorneys. Call (615) 801-8126.,,Sell Your Inherited House Fast For Cash in Tennessee,,https://nationcfh.wpcomstaging.com/sell-inherited-house-tennessee/,NEW_ON_WP
/sell-my-house-divorce-tennessee,False,True,,Sell House During Divorce Tennessee | Fast Cash Sale | Tennessee Cash For Homes,,Selling your house during a divorce in Tennessee? Get a fast fair cash offer with no repairs and no agent fees. Close in as little as 14 days. Call (615) 801-8126.,,Sell Your House Fast During Divorce in Tennessee,,https://nationcfh.wpcomstaging.com/sell-my-house-divorce-tennessee/,NEW_ON_WP
/sell-my-house-downsizing-tennessee,False,True,,Sell House When Downsizing Tennessee | Fast Cash Sale | Tennessee Cash For Homes,,Downsizing in Tennessee? Sell your home fast for cash with no repairs and flexible closing dates. We close in as little as 14 days. Call (615) 801-8126.,,Sell Your Tennessee Home Fast For Cash When Downsizing,,https://nationcfh.wpcomstaging.com/sell-my-house-downsizing-tennessee/,NEW_ON_WP
/sell-my-house-fast-in-tennessee,False,True,,Tennessee Cash For Homes | Sell Your House Fast for Cash,,"Sell your Tennessee house fast for cash. No repairs, no fees, no commissions. Get a fair all-cash offer in 24 hours. Close in as little as 7 days. Family-owned Tennessee home buyers.",,Sell Your House Fast For Cash! | We Buy Houses As-Is for Cash,,https://nationcfh.wpcomstaging.com/,NEW_ON_WP
/sell-my-house-fast-in-tennessee-2,False,True,,Tennessee Cash For Homes | Sell Your House Fast for Cash,,"Sell your Tennessee house fast for cash. No repairs, no fees, no commissions. Get a fair all-cash offer in 24 hours. Close in as little as 7 days. Family-owned Tennessee home buyers.",,Sell Your House Fast For Cash! | We Buy Houses As-Is for Cash,,https://nationcfh.wpcomstaging.com/,NEW_ON_WP
/sell-my-house-foreclosure-tennessee,False,True,,Sell My House Before Foreclosure in Tennessee | Tennessee Cash For Homes,,"Facing foreclosure in Tennessee? Tennessee Cash For Homes buys houses fast for cash. We can close before your auction date. No repairs, no fees, no stress. Call (615) 801-8126.",,Sell Your House Fast Before Foreclosure in Tennessee,,https://nationcfh.wpcomstaging.com/sell-my-house-foreclosure-tennessee/,NEW_ON_WP
/sell-my-house-relocating-tennessee,False,True,,Sell House Fast When Relocating Tennessee | Tennessee Cash For Homes,,Relocating from Tennessee? Sell your house fast for cash with no repairs and flexible closing dates. We close in as little as 14 days. Call (615) 801-8126.,,Sell Your House Fast When Relocating From Tennessee,,https://nationcfh.wpcomstaging.com/sell-my-house-relocating-tennessee/,NEW_ON_WP
/sell-my-land-for-cash-fast,False,True,,Tennessee Cash For Homes | Sell Your House Fast for Cash,,"Sell your Tennessee house fast for cash. No repairs, no fees, no commissions. Get a fair all-cash offer in 24 hours. Close in as little as 7 days. Family-owned Tennessee home buyers.",,Sell Your House Fast For Cash! | We Buy Houses As-Is for Cash,,https://nationcfh.wpcomstaging.com/,NEW_ON_WP
/sell-my-land-for-cash-fast-2,False,True,,Tennessee Cash For Homes | Sell Your House Fast for Cash,,"Sell your Tennessee house fast for cash. No repairs, no fees, no commissions. Get a fair all-cash offer in 24 hours. Close in as little as 7 days. Family-owned Tennessee home buyers.",,Sell Your House Fast For Cash! | We Buy Houses As-Is for Cash,,https://nationcfh.wpcomstaging.com/,NEW_ON_WP
/sell-rental-property-tennessee,False,True,,Sell Rental Property Tennessee | Tenant Occupied Cash Buyer | Tennessee Cash For Homes,,"Sell your Tennessee rental property fast for cash. We buy with tenants in place, no repairs needed. Tired landlord? We have a fast fair solution. Call (615) 801-8126.",,Sell Your Tennessee Rental Property Fast: Tenant or Vacant,,https://nationcfh.wpcomstaging.com/sell-rental-property-tennessee/,NEW_ON_WP
/sell-your-house-fast-for-cash-a-step-by-step-guide-for-success,False,True,,Tennessee Cash For Homes | Sell Your House Fast for Cash,,"Sell your Tennessee house fast for cash. No repairs, no fees, no commissions. Get a fair all-cash offer in 24 hours. Close in as little as 7 days. Family-owned Tennessee home buyers.",,Sell Your House Fast For Cash! | We Buy Houses As-Is for Cash,,https://nationcfh.wpcomstaging.com/,NEW_ON_WP
/sell-your-land-1,True,True,We Buy Houses! | Tennessee Cash For Homes,Sell Your Land for Cash in Tennessee | Tennessee Cash For Homes,"We buy houses in Tennessee for cash. No repairs, no commissions, and close on your timeline with Tennessee Cash For Homes.","We buy land in Tennessee for cash. Vacant lots, rural acreage, farm land, inherited land - any size, any condition. Get a fair cash offer in 24 hours. No fees or commissions.",SELL YOUR LAND For Cash Fast!,Sell Your Land in Tennessee for Cash,https://www.tennesseecashforhomes.com/sell-your-land-1,https://nationcfh.wpcomstaging.com/sell-your-land-1/,TITLE_MISMATCH|META_MISMATCH|H1_MISMATCH
/selling-a-distressed-property-for-fast-cash-a-comprehensive-guide,False,True,,Tennessee Cash For Homes | Sell Your House Fast for Cash,,"Sell your Tennessee house fast for cash. No repairs, no fees, no commissions. Get a fair all-cash offer in 24 hours. Close in as little as 7 days. Family-owned Tennessee home buyers.",,Sell Your House Fast For Cash! | We Buy Houses As-Is for Cash,,https://nationcfh.wpcomstaging.com/,NEW_ON_WP
/selling-a-hoarder-home-for-cash-a-step-by-step-guide-for-tennessee-homeowners,False,True,,Tennessee Cash For Homes | Sell Your House Fast for Cash,,"Sell your Tennessee house fast for cash. No repairs, no fees, no commissions. Get a fair all-cash offer in 24 hours. Close in as little as 7 days. Family-owned Tennessee home buyers.",,Sell Your House Fast For Cash! | We Buy Houses As-Is for Cash,,https://nationcfh.wpcomstaging.com/,NEW_ON_WP
/selling-a-home-with-code-violations-a-guide-for-tennessee-homeowners,False,True,,Tennessee Cash For Homes | Sell Your House Fast for Cash,,"Sell your Tennessee house fast for cash. No repairs, no fees, no commissions. Get a fair all-cash offer in 24 hours. Close in as little as 7 days. Family-owned Tennessee home buyers.",,Sell Your House Fast For Cash! | We Buy Houses As-Is for Cash,,https://nationcfh.wpcomstaging.com/,NEW_ON_WP
/selling-a-house-after-a-failed-inspection-in-tennessee-your-guide-to-moving-forward,False,True,,Tennessee Cash For Homes | Sell Your House Fast for Cash,,"Sell your Tennessee house fast for cash. No repairs, no fees, no commissions. Get a fair all-cash offer in 24 hours. Close in as little as 7 days. Family-owned Tennessee home buyers.",,Sell Your House Fast For Cash! | We Buy Houses As-Is for Cash,,https://nationcfh.wpcomstaging.com/,NEW_ON_WP
/selling-a-house-in-poor-condition-unlocking-the-value-of-as-is-sales,False,True,,Tennessee Cash For Homes | Sell Your House Fast for Cash,,"Sell your Tennessee house fast for cash. No repairs, no fees, no commissions. Get a fair all-cash offer in 24 hours. Close in as little as 7 days. Family-owned Tennessee home buyers.",,Sell Your House Fast For Cash! | We Buy Houses As-Is for Cash,,https://nationcfh.wpcomstaging.com/,NEW_ON_WP
/selling-a-house-in-probate-a-complete-guide-for-tennessee-homeowners,False,True,,Tennessee Cash For Homes | Sell Your House Fast for Cash,,"Sell your Tennessee house fast for cash. No repairs, no fees, no commissions. Get a fair all-cash offer in 24 hours. Close in as little as 7 days. Family-owned Tennessee home buyers.",,Sell Your House Fast For Cash! | We Buy Houses As-Is for Cash,,https://nationcfh.wpcomstaging.com/,NEW_ON_WP
/selling-a-house-with-a-lien-in-tennessee-a-comprehensive-guide,False,True,,Tennessee Cash For Homes | Sell Your House Fast for Cash,,"Sell your Tennessee house fast for cash. No repairs, no fees, no commissions. Get a fair all-cash offer in 24 hours. Close in as little as 7 days. Family-owned Tennessee home buyers.",,Sell Your House Fast For Cash! | We Buy Houses As-Is for Cash,,https://nationcfh.wpcomstaging.com/,NEW_ON_WP
/selling-a-house-with-foundation-issues-in-tennessee-what-homeowners-need-to-know,False,True,,Tennessee Cash For Homes | Sell Your House Fast for Cash,,"Sell your Tennessee house fast for cash. No repairs, no fees, no commissions. Get a fair all-cash offer in 24 hours. Close in as little as 7 days. Family-owned Tennessee home buyers.",,Sell Your House Fast For Cash! | We Buy Houses As-Is for Cash,,https://nationcfh.wpcomstaging.com/,NEW_ON_WP
/selling-a-house-with-structural-damage-in-tennessee-what-homeowners-need-to-know,False,True,,Tennessee Cash For Homes | Sell Your House Fast for Cash,,"Sell your Tennessee house fast for cash. No repairs, no fees, no commissions. Get a fair all-cash offer in 24 hours. Close in as little as 7 days. Family-owned Tennessee home buyers.",,Sell Your House Fast For Cash! | We Buy Houses As-Is for Cash,,https://nationcfh.wpcomstaging.com/,NEW_ON_WP
/selling-a-house-with-unpermitted-work-in-tennessee-a-complete-guide-to-your-options,False,True,,Tennessee Cash For Homes | Sell Your House Fast for Cash,,"Sell your Tennessee house fast for cash. No repairs, no fees, no commissions. Get a fair all-cash offer in 24 hours. Close in as little as 7 days. Family-owned Tennessee home buyers.",,Sell Your House Fast For Cash! | We Buy Houses As-Is for Cash,,https://nationcfh.wpcomstaging.com/,NEW_ON_WP
/selling-a-rental-property-with-problem-tenants-in-tennessee-what-landlords-need-to-know,False,True,,Tennessee Cash For Homes | Sell Your House Fast for Cash,,"Sell your Tennessee house fast for cash. No repairs, no fees, no commissions. Get a fair all-cash offer in 24 hours. Close in as little as 7 days. Family-owned Tennessee home buyers.",,Sell Your House Fast For Cash! | We Buy Houses As-Is for Cash,,https://nationcfh.wpcomstaging.com/,NEW_ON_WP
/selling-a-vacant-house-in-tennessee-challenges-solutions-and-how-to-simplify-the-process-2,False,True,,Tennessee Cash For Homes | Sell Your House Fast for Cash,,"Sell your Tennessee house fast for cash. No repairs, no fees, no commissions. Get a fair all-cash offer in 24 hours. Close in as little as 7 days. Family-owned Tennessee home buyers.",,Sell Your House Fast For Cash! | We Buy Houses As-Is for Cash,,https://nationcfh.wpcomstaging.com/,NEW_ON_WP
/selling-an-inherited-property-for-cash,False,True,,Tennessee Cash For Homes | Sell Your House Fast for Cash,,"Sell your Tennessee house fast for cash. No repairs, no fees, no commissions. Get a fair all-cash offer in 24 hours. Close in as little as 7 days. Family-owned Tennessee home buyers.",,Sell Your House Fast For Cash! | We Buy Houses As-Is for Cash,,https://nationcfh.wpcomstaging.com/,NEW_ON_WP
/selling-homes-as-is-condition,False,True,,Tennessee Cash For Homes | Sell Your House Fast for Cash,,"Sell your Tennessee house fast for cash. No repairs, no fees, no commissions. Get a fair all-cash offer in 24 hours. Close in as little as 7 days. Family-owned Tennessee home buyers.",,Sell Your House Fast For Cash! | We Buy Houses As-Is for Cash,,https://nationcfh.wpcomstaging.com/,NEW_ON_WP
/selling-your-fire-damaged-home-for-cash-in-tennessee,False,True,,Tennessee Cash For Homes | Sell Your House Fast for Cash,,"Sell your Tennessee house fast for cash. No repairs, no fees, no commissions. Get a fair all-cash offer in 24 hours. Close in as little as 7 days. Family-owned Tennessee home buyers.",,Sell Your House Fast For Cash! | We Buy Houses As-Is for Cash,,https://nationcfh.wpcomstaging.com/,NEW_ON_WP
/selling-your-home-due-to-financial-hardship-a-tennessee-homeowners-guide,False,True,,Tennessee Cash For Homes | Sell Your House Fast for Cash,,"Sell your Tennessee house fast for cash. No repairs, no fees, no commissions. Get a fair all-cash offer in 24 hours. Close in as little as 7 days. Family-owned Tennessee home buyers.",,Sell Your House Fast For Cash! | We Buy Houses As-Is for Cash,,https://nationcfh.wpcomstaging.com/,NEW_ON_WP
/selling-your-home-in-tennessee-understanding-market-trends-and-cash-sale-benefits,False,True,,Tennessee Cash For Homes | Sell Your House Fast for Cash,,"Sell your Tennessee house fast for cash. No repairs, no fees, no commissions. Get a fair all-cash offer in 24 hours. Close in as little as 7 days. Family-owned Tennessee home buyers.",,Sell Your House Fast For Cash! | We Buy Houses As-Is for Cash,,https://nationcfh.wpcomstaging.com/,NEW_ON_WP
/selling-your-home-without-a-realtor-in-tennessee-a-step-by-step-guide,False,True,,Tennessee Cash For Homes | Sell Your House Fast for Cash,,"Sell your Tennessee house fast for cash. No repairs, no fees, no commissions. Get a fair all-cash offer in 24 hours. Close in as little as 7 days. Family-owned Tennessee home buyers.",,Sell Your House Fast For Cash! | We Buy Houses As-Is for Cash,,https://nationcfh.wpcomstaging.com/,NEW_ON_WP
/selling-your-house-for-cash-in-tennessee-a-comprehensive-guide-for-2025,False,True,,Tennessee Cash For Homes | Sell Your House Fast for Cash,,"Sell your Tennessee house fast for cash. No repairs, no fees, no commissions. Get a fair all-cash offer in 24 hours. Close in as little as 7 days. Family-owned Tennessee home buyers.",,Sell Your House Fast For Cash! | We Buy Houses As-Is for Cash,,https://nationcfh.wpcomstaging.com/,NEW_ON_WP
/selling-your-house-in-tennessee-in-2025-what-homeowners-need-to-know-for-a-successful-sale,False,True,,Tennessee Cash For Homes | Sell Your House Fast for Cash,,"Sell your Tennessee house fast for cash. No repairs, no fees, no commissions. Get a fair all-cash offer in 24 hours. Close in as little as 7 days. Family-owned Tennessee home buyers.",,Sell Your House Fast For Cash! | We Buy Houses As-Is for Cash,,https://nationcfh.wpcomstaging.com/,NEW_ON_WP
/selling-your-tennessee-home-for-cash-how-the-seasons-impact-your-sale,False,True,,Tennessee Cash For Homes | Sell Your House Fast for Cash,,"Sell your Tennessee house fast for cash. No repairs, no fees, no commissions. Get a fair all-cash offer in 24 hours. Close in as little as 7 days. Family-owned Tennessee home buyers.",,Sell Your House Fast For Cash! | We Buy Houses As-Is for Cash,,https://nationcfh.wpcomstaging.com/,NEW_ON_WP
/services,False,True,,Services - Tennessee Cash For Homes,,"Services Our Services Trust the Experience Roof Installations Lorem ipsum dolor sit amet, consectetur adipiscing elit. Ut elit tellus, luctus nec ullamcorper mattis, pulvinar dapibus leo. Roof Repair Lorem ipsum...",,Services,,https://nationcfh.wpcomstaging.com/services/,NEW_ON_WP
/should-i-accept-a-cash-offer-for-my-house,False,True,,Tennessee Cash For Homes | Sell Your House Fast for Cash,,"Sell your Tennessee house fast for cash. No repairs, no fees, no commissions. Get a fair all-cash offer in 24 hours. Close in as little as 7 days. Family-owned Tennessee home buyers.",,Sell Your House Fast For Cash! | We Buy Houses As-Is for Cash,,https://nationcfh.wpcomstaging.com/,NEW_ON_WP
/should-i-sell-my-house-subject-to,False,True,,Tennessee Cash For Homes | Sell Your House Fast for Cash,,"Sell your Tennessee house fast for cash. No repairs, no fees, no commissions. Get a fair all-cash offer in 24 hours. Close in as little as 7 days. Family-owned Tennessee home buyers.",,Sell Your House Fast For Cash! | We Buy Houses As-Is for Cash,,https://nationcfh.wpcomstaging.com/,NEW_ON_WP
/simplify-tennessee-title-transfer-for-cash-sales-with-tennessee-cash-for-homes,False,True,,Tennessee Cash For Homes | Sell Your House Fast for Cash,,"Sell your Tennessee house fast for cash. No repairs, no fees, no commissions. Get a fair all-cash offer in 24 hours. Close in as little as 7 days. Family-owned Tennessee home buyers.",,Sell Your House Fast For Cash! | We Buy Houses As-Is for Cash,,https://nationcfh.wpcomstaging.com/,NEW_ON_WP
/solace-default-logo-dark,False,True,,Tennessee Cash For Homes | Sell Your House Fast for Cash,,"Sell your Tennessee house fast for cash. No repairs, no fees, no commissions. Get a fair all-cash offer in 24 hours. Close in as little as 7 days. Family-owned Tennessee home buyers.",,Sell Your House Fast For Cash! | We Buy Houses As-Is for Cash,,https://nationcfh.wpcomstaging.com/,NEW_ON_WP
/subject-to-deals-in-tennessee-a-comprehensive-guide,False,True,,Tennessee Cash For Homes | Sell Your House Fast for Cash,,"Sell your Tennessee house fast for cash. No repairs, no fees, no commissions. Get a fair all-cash offer in 24 hours. Close in as little as 7 days. Family-owned Tennessee home buyers.",,Sell Your House Fast For Cash! | We Buy Houses As-Is for Cash,,https://nationcfh.wpcomstaging.com/,NEW_ON_WP
/tennessee-cash-for-homes-wordmark-logo-with-dollar-sign-37,False,True,,Tennessee Cash For Homes | Sell Your House Fast for Cash,,"Sell your Tennessee house fast for cash. No repairs, no fees, no commissions. Get a fair all-cash offer in 24 hours. Close in as little as 7 days. Family-owned Tennessee home buyers.",,Sell Your House Fast For Cash! | We Buy Houses As-Is for Cash,,https://nationcfh.wpcomstaging.com/,NEW_ON_WP
/tennessee-cash-for-homes-wordmark-logo-with-dollar-sign-39,False,True,,Tennessee Cash For Homes | Sell Your House Fast for Cash,,"Sell your Tennessee house fast for cash. No repairs, no fees, no commissions. Get a fair all-cash offer in 24 hours. Close in as little as 7 days. Family-owned Tennessee home buyers.",,Sell Your House Fast For Cash! | We Buy Houses As-Is for Cash,,https://nationcfh.wpcomstaging.com/,NEW_ON_WP
/tennessee-cash-for-homes-wordmark-logo-with-dollar-sign-40,False,True,,Tennessee Cash For Homes | Sell Your House Fast for Cash,,"Sell your Tennessee house fast for cash. No repairs, no fees, no commissions. Get a fair all-cash offer in 24 hours. Close in as little as 7 days. Family-owned Tennessee home buyers.",,Sell Your House Fast For Cash! | We Buy Houses As-Is for Cash,,https://nationcfh.wpcomstaging.com/,NEW_ON_WP
/tennessee-ice-storm-damage-and-what-it-means-for-the-real-estate-market,False,True,,Tennessee Cash For Homes | Sell Your House Fast for Cash,,"Sell your Tennessee house fast for cash. No repairs, no fees, no commissions. Get a fair all-cash offer in 24 hours. Close in as little as 7 days. Family-owned Tennessee home buyers.",,Sell Your House Fast For Cash! | We Buy Houses As-Is for Cash,,https://nationcfh.wpcomstaging.com/,NEW_ON_WP
/tennessee-ice-storm-damage-and-what-it-means-for-the-real-estate-market-1,False,True,,Tennessee Cash For Homes | Sell Your House Fast for Cash,,"Sell your Tennessee house fast for cash. No repairs, no fees, no commissions. Get a fair all-cash offer in 24 hours. Close in as little as 7 days. Family-owned Tennessee home buyers.",,Sell Your House Fast For Cash! | We Buy Houses As-Is for Cash,,https://nationcfh.wpcomstaging.com/,NEW_ON_WP
/tennessee-state-foreclosure-laws,False,True,,Tennessee Cash For Homes | Sell Your House Fast for Cash,,"Sell your Tennessee house fast for cash. No repairs, no fees, no commissions. Get a fair all-cash offer in 24 hours. Close in as little as 7 days. Family-owned Tennessee home buyers.",,Sell Your House Fast For Cash! | We Buy Houses As-Is for Cash,,https://nationcfh.wpcomstaging.com/,NEW_ON_WP
/thank-you,False,True,,Thank You - Tennessee Cash For Homes,,,,Thank you!,,https://nationcfh.wpcomstaging.com/thank-you/,NEW_ON_WP
/the-comprehensive-home-loan-guide-for-future-homeowners-in-tennessee,False,True,,Tennessee Cash For Homes | Sell Your House Fast for Cash,,"Sell your Tennessee house fast for cash. No repairs, no fees, no commissions. Get a fair all-cash offer in 24 hours. Close in as little as 7 days. Family-owned Tennessee home buyers.",,Sell Your House Fast For Cash! | We Buy Houses As-Is for Cash,,https://nationcfh.wpcomstaging.com/,NEW_ON_WP
/the-cost-of-living-in-clarksville-tennessee,False,True,,Tennessee Cash For Homes | Sell Your House Fast for Cash,,"Sell your Tennessee house fast for cash. No repairs, no fees, no commissions. Get a fair all-cash offer in 24 hours. Close in as little as 7 days. Family-owned Tennessee home buyers.",,Sell Your House Fast For Cash! | We Buy Houses As-Is for Cash,,https://nationcfh.wpcomstaging.com/,NEW_ON_WP
/the-difference-between-seller-financing-and-subject-to-a-comprehensive-guide-for-homeowner,False,True,,Tennessee Cash For Homes | Sell Your House Fast for Cash,,"Sell your Tennessee house fast for cash. No repairs, no fees, no commissions. Get a fair all-cash offer in 24 hours. Close in as little as 7 days. Family-owned Tennessee home buyers.",,Sell Your House Fast For Cash! | We Buy Houses As-Is for Cash,,https://nationcfh.wpcomstaging.com/,NEW_ON_WP
/the-digital-shift-how-online-home-searches-impact-homebuying,False,True,,Tennessee Cash For Homes | Sell Your House Fast for Cash,,"Sell your Tennessee house fast for cash. No repairs, no fees, no commissions. Get a fair all-cash offer in 24 hours. Close in as little as 7 days. Family-owned Tennessee home buyers.",,Sell Your House Fast For Cash! | We Buy Houses As-Is for Cash,,https://nationcfh.wpcomstaging.com/,NEW_ON_WP
/the-emotional-side-of-selling-your-home-what-tennessee-homeowners-should-know,False,True,,Tennessee Cash For Homes | Sell Your House Fast for Cash,,"Sell your Tennessee house fast for cash. No repairs, no fees, no commissions. Get a fair all-cash offer in 24 hours. Close in as little as 7 days. Family-owned Tennessee home buyers.",,Sell Your House Fast For Cash! | We Buy Houses As-Is for Cash,,https://nationcfh.wpcomstaging.com/,NEW_ON_WP
/the-growing-trend-of-cash-home-sales-a-closer-look-at-the-numbers,False,True,,Tennessee Cash For Homes | Sell Your House Fast for Cash,,"Sell your Tennessee house fast for cash. No repairs, no fees, no commissions. Get a fair all-cash offer in 24 hours. Close in as little as 7 days. Family-owned Tennessee home buyers.",,Sell Your House Fast For Cash! | We Buy Houses As-Is for Cash,,https://nationcfh.wpcomstaging.com/,NEW_ON_WP
/the-hidden-costs-of-selling-your-home-the-traditional-way,False,True,,Tennessee Cash For Homes | Sell Your House Fast for Cash,,"Sell your Tennessee house fast for cash. No repairs, no fees, no commissions. Get a fair all-cash offer in 24 hours. Close in as little as 7 days. Family-owned Tennessee home buyers.",,Sell Your House Fast For Cash! | We Buy Houses As-Is for Cash,,https://nationcfh.wpcomstaging.com/,NEW_ON_WP
/the-modern-approach-to-property-sales-for-cash,False,True,,Tennessee Cash For Homes | Sell Your House Fast for Cash,,"Sell your Tennessee house fast for cash. No repairs, no fees, no commissions. Get a fair all-cash offer in 24 hours. Close in as little as 7 days. Family-owned Tennessee home buyers.",,Sell Your House Fast For Cash! | We Buy Houses As-Is for Cash,,https://nationcfh.wpcomstaging.com/,NEW_ON_WP
/the-professional-choice-we-buy-houses-in-tennessee,False,True,,Tennessee Cash For Homes | Sell Your House Fast for Cash,,"Sell your Tennessee house fast for cash. No repairs, no fees, no commissions. Get a fair all-cash offer in 24 hours. Close in as little as 7 days. Family-owned Tennessee home buyers.",,Sell Your House Fast For Cash! | We Buy Houses As-Is for Cash,,https://nationcfh.wpcomstaging.com/,NEW_ON_WP
/the-pros-and-cons-of-selling-your-home-for-cash,False,True,,Tennessee Cash For Homes | Sell Your House Fast for Cash,,"Sell your Tennessee house fast for cash. No repairs, no fees, no commissions. Get a fair all-cash offer in 24 hours. Close in as little as 7 days. Family-owned Tennessee home buyers.",,Sell Your House Fast For Cash! | We Buy Houses As-Is for Cash,,https://nationcfh.wpcomstaging.com/,NEW_ON_WP
/the-role-of-junk-removal-services-in-streamlining-cash-home-sales-in-tennessee,False,True,,Tennessee Cash For Homes | Sell Your House Fast for Cash,,"Sell your Tennessee house fast for cash. No repairs, no fees, no commissions. Get a fair all-cash offer in 24 hours. Close in as little as 7 days. Family-owned Tennessee home buyers.",,Sell Your House Fast For Cash! | We Buy Houses As-Is for Cash,,https://nationcfh.wpcomstaging.com/,NEW_ON_WP
/the-silent-killer-carbon-monoxide-in-tennessee-homes,False,True,,Tennessee Cash For Homes | Sell Your House Fast for Cash,,"Sell your Tennessee house fast for cash. No repairs, no fees, no commissions. Get a fair all-cash offer in 24 hours. Close in as little as 7 days. Family-owned Tennessee home buyers.",,Sell Your House Fast For Cash! | We Buy Houses As-Is for Cash,,https://nationcfh.wpcomstaging.com/,NEW_ON_WP
/the-tennessee-foreclosure-process,False,True,,Tennessee Cash For Homes | Sell Your House Fast for Cash,,"Sell your Tennessee house fast for cash. No repairs, no fees, no commissions. Get a fair all-cash offer in 24 hours. Close in as little as 7 days. Family-owned Tennessee home buyers.",,Sell Your House Fast For Cash! | We Buy Houses As-Is for Cash,,https://nationcfh.wpcomstaging.com/,NEW_ON_WP
/top-10-home-improvements-to-increase-your-propertys-value-before-selling,False,True,,Tennessee Cash For Homes | Sell Your House Fast for Cash,,"Sell your Tennessee house fast for cash. No repairs, no fees, no commissions. Get a fair all-cash offer in 24 hours. Close in as little as 7 days. Family-owned Tennessee home buyers.",,Sell Your House Fast For Cash! | We Buy Houses As-Is for Cash,,https://nationcfh.wpcomstaging.com/,NEW_ON_WP
/top-5-reasons-tennessee-homeowners-are-selling-for-cash-in-2025,False,True,,Tennessee Cash For Homes | Sell Your House Fast for Cash,,"Sell your Tennessee house fast for cash. No repairs, no fees, no commissions. Get a fair all-cash offer in 24 hours. Close in as little as 7 days. Family-owned Tennessee home buyers.",,Sell Your House Fast For Cash! | We Buy Houses As-Is for Cash,,https://nationcfh.wpcomstaging.com/,NEW_ON_WP
/top-5-reasons-to-sell-your-home-to-a-cash-buyer-in-tennessee,False,True,,Tennessee Cash For Homes | Sell Your House Fast for Cash,,"Sell your Tennessee house fast for cash. No repairs, no fees, no commissions. Get a fair all-cash offer in 24 hours. Close in as little as 7 days. Family-owned Tennessee home buyers.",,Sell Your House Fast For Cash! | We Buy Houses As-Is for Cash,,https://nationcfh.wpcomstaging.com/,NEW_ON_WP
/top-reasons-homeowners-choose-cash-buyers-in-tennessee-over-realtors,False,True,,Tennessee Cash For Homes | Sell Your House Fast for Cash,,"Sell your Tennessee house fast for cash. No repairs, no fees, no commissions. Get a fair all-cash offer in 24 hours. Close in as little as 7 days. Family-owned Tennessee home buyers.",,Sell Your House Fast For Cash! | We Buy Houses As-Is for Cash,,https://nationcfh.wpcomstaging.com/,NEW_ON_WP
/top-reasons-to-sell-your-distressed-house-to-a-cash-home-buyer-in-tennessee,False,True,,Tennessee Cash For Homes | Sell Your House Fast for Cash,,"Sell your Tennessee house fast for cash. No repairs, no fees, no commissions. Get a fair all-cash offer in 24 hours. Close in as little as 7 days. Family-owned Tennessee home buyers.",,Sell Your House Fast For Cash! | We Buy Houses As-Is for Cash,,https://nationcfh.wpcomstaging.com/,NEW_ON_WP
/top-reasons-to-sell-your-house-for-cash-a-quick-and-hassle-free-guide,False,True,,Tennessee Cash For Homes | Sell Your House Fast for Cash,,"Sell your Tennessee house fast for cash. No repairs, no fees, no commissions. Get a fair all-cash offer in 24 hours. Close in as little as 7 days. Family-owned Tennessee home buyers.",,Sell Your House Fast For Cash! | We Buy Houses As-Is for Cash,,https://nationcfh.wpcomstaging.com/,NEW_ON_WP
/understanding-owner-financing-a-unique-way-to-sell-your-home,False,True,,Tennessee Cash For Homes | Sell Your House Fast for Cash,,"Sell your Tennessee house fast for cash. No repairs, no fees, no commissions. Get a fair all-cash offer in 24 hours. Close in as little as 7 days. Family-owned Tennessee home buyers.",,Sell Your House Fast For Cash! | We Buy Houses As-Is for Cash,,https://nationcfh.wpcomstaging.com/,NEW_ON_WP
/understanding-residential-septic-systems-a-guide-for-tennessee-homeowners,False,True,,Tennessee Cash For Homes | Sell Your House Fast for Cash,,"Sell your Tennessee house fast for cash. No repairs, no fees, no commissions. Get a fair all-cash offer in 24 hours. Close in as little as 7 days. Family-owned Tennessee home buyers.",,Sell Your House Fast For Cash! | We Buy Houses As-Is for Cash,,https://nationcfh.wpcomstaging.com/,NEW_ON_WP
/understanding-the-tennessee-real-estate-market-trends-and-predictions,False,True,,Tennessee Cash For Homes | Sell Your House Fast for Cash,,"Sell your Tennessee house fast for cash. No repairs, no fees, no commissions. Get a fair all-cash offer in 24 hours. Close in as little as 7 days. Family-owned Tennessee home buyers.",,Sell Your House Fast For Cash! | We Buy Houses As-Is for Cash,,https://nationcfh.wpcomstaging.com/,NEW_ON_WP
/untitled-design-23,False,True,,Tennessee Cash For Homes | Sell Your House Fast for Cash,,"Sell your Tennessee house fast for cash. No repairs, no fees, no commissions. Get a fair all-cash offer in 24 hours. Close in as little as 7 days. Family-owned Tennessee home buyers.",,Sell Your House Fast For Cash! | We Buy Houses As-Is for Cash,,https://nationcfh.wpcomstaging.com/,NEW_ON_WP
/what-happens-when-you-inherit-a-house-with-a-mortgage-in-tennessee,False,True,,Tennessee Cash For Homes | Sell Your House Fast for Cash,,"Sell your Tennessee house fast for cash. No repairs, no fees, no commissions. Get a fair all-cash offer in 24 hours. Close in as little as 7 days. Family-owned Tennessee home buyers.",,Sell Your House Fast For Cash! | We Buy Houses As-Is for Cash,,https://nationcfh.wpcomstaging.com/,NEW_ON_WP
/what-happens-when-you-sell-a-home-in-pre-foreclosure-in-tennessee,False,True,,Tennessee Cash For Homes | Sell Your House Fast for Cash,,"Sell your Tennessee house fast for cash. No repairs, no fees, no commissions. Get a fair all-cash offer in 24 hours. Close in as little as 7 days. Family-owned Tennessee home buyers.",,Sell Your House Fast For Cash! | We Buy Houses As-Is for Cash,,https://nationcfh.wpcomstaging.com/,NEW_ON_WP
/what-not-to-say-when-selling-a-house-avoid-these-common-seller-mistakes,False,True,,Tennessee Cash For Homes | Sell Your House Fast for Cash,,"Sell your Tennessee house fast for cash. No repairs, no fees, no commissions. Get a fair all-cash offer in 24 hours. Close in as little as 7 days. Family-owned Tennessee home buyers.",,Sell Your House Fast For Cash! | We Buy Houses As-Is for Cash,,https://nationcfh.wpcomstaging.com/,NEW_ON_WP
/what-not-to-say-when-selling-a-house-avoid-these-common-seller-mistakes-1,False,True,,Tennessee Cash For Homes | Sell Your House Fast for Cash,,"Sell your Tennessee house fast for cash. No repairs, no fees, no commissions. Get a fair all-cash offer in 24 hours. Close in as little as 7 days. Family-owned Tennessee home buyers.",,Sell Your House Fast For Cash! | We Buy Houses As-Is for Cash,,https://nationcfh.wpcomstaging.com/,NEW_ON_WP
/where-we-buy,True,True,Where We Buy Homes | Sell Your House Fast for Cash,Where We Buy - Tennessee Cash For Homes,We buy homes across Tennessee. Sell your house fast for cash with no fees or hassles. Get a fair offer today and close on your timeline!,,We Buy Houses & Land Tennessee,Where We Buy Houses in Tennessee,https://www.tennesseecashforhomes.com/where-we-buy,https://nationcfh.wpcomstaging.com/where-we-buy/,WP_META_MISSING|TITLE_MISMATCH|H1_MISMATCH
/where-we-buy-background-image,False,True,,Tennessee Cash For Homes | Sell Your House Fast for Cash,,"Sell your Tennessee house fast for cash. No repairs, no fees, no commissions. Get a fair all-cash offer in 24 hours. Close in as little as 7 days. Family-owned Tennessee home buyers.",,Sell Your House Fast For Cash! | We Buy Houses As-Is for Cash,,https://nationcfh.wpcomstaging.com/,NEW_ON_WP
/where-we-buy/anderson-county,False,True,,We Buy Houses in Anderson County TN | Fast Cash Offers,,"We buy houses in Anderson County Tennessee for cash. No repairs, no agents, no fees. Get a fair cash offer in 24 hours and close on your timeline.",,Sell Your House Fast For Cash in Anderson County TN,,https://nationcfh.wpcomstaging.com/where-we-buy/anderson-county/,NEW_ON_WP
/where-we-buy/antioch,True,True,We Buy Houses in Antioch | Get a Fast Cash Offer Today,We Buy Houses in Antioch TN | Get a Fast Cash Offer Today,We buy houses in Antioch  for cash No repairs no agents no fees Just a fast hassle-free sale Get a cash offer on your home today,"We buy houses in Antioch for cash. No repairs, no agents, no fees. Just a fast, hassle-free sale. Get a cash offer on your home today.",Sell Your House For Cash In Antioch,Sell Your House For Cash In Antioch,https://www.tennesseecashforhomes.com/where-we-buy/antioch,https://nationcfh.wpcomstaging.com/where-we-buy/antioch/,TITLE_MISMATCH|META_MISMATCH
/where-we-buy/bedford-county,False,True,,We Buy Houses in Bedford County TN | Fast Cash Offers,,"We buy houses in Bedford County Tennessee for cash. No repairs, no agents, no fees. Get a fair cash offer in 24 hours and close on your timeline.",,Sell Your House Fast For Cash in Bedford County TN,,https://nationcfh.wpcomstaging.com/where-we-buy/bedford-county/,NEW_ON_WP
/where-we-buy/bledsoe-county,False,True,,We Buy Houses in Bledsoe County TN | Fast Cash Offers,,"We buy houses in Bledsoe County Tennessee for cash. No repairs, no agents, no fees. Get a fair cash offer in 24 hours and close on your timeline.",,Sell Your House Fast For Cash in Bledsoe County TN,,https://nationcfh.wpcomstaging.com/where-we-buy/bledsoe-county/,NEW_ON_WP
/where-we-buy/blount-county,False,True,,We Buy Houses in Blount County TN | Fast Cash Offers,,"We buy houses in Blount County Tennessee for cash. No repairs, no agents, no fees. Get a fair cash offer in 24 hours and close on your timeline.",,Sell Your House Fast For Cash in Blount County TN,,https://nationcfh.wpcomstaging.com/where-we-buy/blount-county/,NEW_ON_WP
/where-we-buy/bradley-county,False,True,,We Buy Houses in Bradley County TN | Fast Cash Offers,,"We buy houses in Bradley County Tennessee for cash. No repairs, no agents, no fees. Get a fair cash offer in 24 hours and close on your timeline.",,Sell Your House Fast For Cash in Bradley County TN,,https://nationcfh.wpcomstaging.com/where-we-buy/bradley-county/,NEW_ON_WP
/where-we-buy/campbell-county,False,True,,We Buy Houses in Campbell County TN | Fast Cash Offers,,"We buy houses in Campbell County Tennessee for cash. No repairs, no agents, no fees. Get a fair cash offer in 24 hours and close on your timeline.",,Sell Your House Fast For Cash in Campbell County TN,,https://nationcfh.wpcomstaging.com/where-we-buy/campbell-county/,NEW_ON_WP
/where-we-buy/cannon-county,False,True,,We Buy Houses in Cannon County TN | Fast Cash Offers,,"We buy houses in Cannon County Tennessee for cash. No repairs, no agents, no fees. Get a fair cash offer in 24 hours and close on your timeline.",,Sell Your House Fast For Cash in Cannon County TN,,https://nationcfh.wpcomstaging.com/where-we-buy/cannon-county/,NEW_ON_WP
/where-we-buy/chapel-hill,True,True,We Buy Houses in Chapel Hill | Get a Fast Cash Offer Today,We Buy Houses in Chapel Hill TN | Get a Fast Cash Offer Today,We buy houses in Chapel Hill  for cash No repairs no agents no fees Just a fast hassle-free sale Get a cash offer on your home today,"We buy houses in Chapel Hill for cash. No repairs, no agents, no fees. Just a fast, hassle-free sale. Get a cash offer on your home today.",Sell Your House For Cash In Chapel Hill,Sell Your House For Cash In Chapel Hill,https://www.tennesseecashforhomes.com/where-we-buy/chapel-hill,https://nationcfh.wpcomstaging.com/where-we-buy/chapel-hill/,TITLE_MISMATCH|META_MISMATCH
/where-we-buy/chattanooga,True,True,We Buy Houses in Chattanooga | Get a Fast Cash Offer Today,We Buy Houses in Chattanooga TN | Get a Fast Cash Offer Today,We buy houses in Chattanooga  for cash No repairs no agents no fees Just a fast hassle-free sale Get a cash offer on your home today,"We buy houses in Chattanooga for cash. No repairs, no agents, no fees. Just a fast, hassle-free sale. Get a cash offer on your home today.",Sell Your House For Cash In Chattanooga,Sell Your House For Cash In Chattanooga,https://www.tennesseecashforhomes.com/where-we-buy/chattanooga,https://nationcfh.wpcomstaging.com/where-we-buy/chattanooga/,TITLE_MISMATCH|META_MISMATCH
/where-we-buy/cheatham-county,False,True,,We Buy Houses in Cheatham County TN | Fast Cash Offers,,"We buy houses in Cheatham County Tennessee for cash. No repairs, no agents, no fees. Get a fair cash offer in 24 hours and close on your timeline.",,Sell Your House Fast For Cash in Cheatham County,,https://nationcfh.wpcomstaging.com/where-we-buy/cheatham-county/,NEW_ON_WP
/where-we-buy/clarksville,True,True,We Buy Houses in Clarksville | Get a Fast Cash Offer Today,We Buy Houses in Clarksville TN | Get a Fast Cash Offer Today,We buy houses in Clarksville  for cash No repairs no agents no fees Just a fast hassle-free sale Get a cash offer on your home today,"We buy houses in Clarksville for cash. No repairs, no agents, no fees. Just a fast, hassle-free sale. Get a cash offer on your home today.",Sell Your House For Cash In Clarksville,Sell Your House For Cash In Clarksville,https://www.tennesseecashforhomes.com/where-we-buy/clarksville,https://nationcfh.wpcomstaging.com/where-we-buy/clarksville/,TITLE_MISMATCH|META_MISMATCH
/where-we-buy/coffee-county,False,True,,We Buy Houses in Coffee County TN | Fast Cash Offers,,"We buy houses in Coffee County Tennessee for cash. No repairs, no agents, no fees. Get a fair cash offer in 24 hours and close on your timeline.",,Sell Your House Fast For Cash in Coffee County TN,,https://nationcfh.wpcomstaging.com/where-we-buy/coffee-county/,NEW_ON_WP
/where-we-buy/columbia,True,True,We Buy Houses in Columbia | Get a Fast Cash Offer Today,We Buy Houses in Columbia TN | Get a Fast Cash Offer Today,We buy houses in Columbia  for cash No repairs no agents no fees Just a fast hassle-free sale Get a cash offer on your home today,"We buy houses in Columbia for cash. No repairs, no agents, no fees. Just a fast, hassle-free sale. Get a cash offer on your home today.",Sell Your House For Cash In Columbia,Sell Your House For Cash In Columbia,https://www.tennesseecashforhomes.com/where-we-buy/columbia,https://nationcfh.wpcomstaging.com/where-we-buy/columbia/,TITLE_MISMATCH|META_MISMATCH
/where-we-buy/crossville,True,True,We Buy Houses in Crossville | Get a Fast Cash Offer Today,We Buy Houses in Crossville TN | Get a Fast Cash Offer Today,We buy houses in Crossville  for cash No repairs no agents no fees Just a fast hassle-free sale Get a cash offer on your home today,"We buy houses in Crossville for cash. No repairs, no agents, no fees. Just a fast, hassle-free sale. Get a cash offer on your home today.",Sell Your House For Cash In Crossville,Sell Your House For Cash In Crossville,https://www.tennesseecashforhomes.com/where-we-buy/crossville,https://nationcfh.wpcomstaging.com/where-we-buy/crossville/,TITLE_MISMATCH|META_MISMATCH
/where-we-buy/davidson-county,False,True,,We Buy Houses in Davidson County TN | Fast Cash Offers,,"We buy houses in Davidson County Tennessee for cash. No repairs, no agents, no fees. Get a fair cash offer in 24 hours and close on your timeline.",,Sell Your House Fast For Cash in Davidson County,,https://nationcfh.wpcomstaging.com/where-we-buy/davidson-county/,NEW_ON_WP
/where-we-buy/dekalb-county,False,True,,We Buy Houses in DeKalb County TN | Fast Cash Offers,,"We buy houses in DeKalb County Tennessee for cash. No repairs, no agents, no fees. Get a fair cash offer in 24 hours and close on your timeline.",,Sell Your House Fast For Cash in DeKalb County TN,,https://nationcfh.wpcomstaging.com/where-we-buy/dekalb-county/,NEW_ON_WP
/where-we-buy/dickson-county,False,True,,We Buy Houses in Dickson County TN | Fast Cash Offers,,"We buy houses in Dickson County Tennessee for cash. No repairs, no agents, no fees. Get a fair cash offer in 24 hours and close on your timeline.",,Sell Your House Fast For Cash in Dickson County,,https://nationcfh.wpcomstaging.com/where-we-buy/dickson-county/,NEW_ON_WP
/where-we-buy/dyer-county,False,True,,We Buy Houses in Dyer County TN | Fast Cash Offers,,"We buy houses in Dyer County Tennessee for cash. No repairs, no agents, no fees. Get a fair cash offer in 24 hours and close on your timeline.",,Sell Your House Fast For Cash in Dyer County TN,,https://nationcfh.wpcomstaging.com/where-we-buy/dyer-county/,NEW_ON_WP
/where-we-buy/franklin,True,True,We Buy Houses in Franklin | Get a Fast Cash Offer Today,We Buy Houses in Franklin TN | Get a Fast Cash Offer Today,We buy houses in Franklin  for cash No repairs no agents no fees Just a fast hassle-free sale Get a cash offer on your home today,"We buy houses in Franklin for cash. No repairs, no agents, no fees. Just a fast, hassle-free sale. Get a cash offer on your home today.",Sell Your House For Cash In Franklin,Sell Your House For Cash In Franklin,https://www.tennesseecashforhomes.com/where-we-buy/franklin,https://nationcfh.wpcomstaging.com/where-we-buy/franklin/,TITLE_MISMATCH|META_MISMATCH
/where-we-buy/gallatin,True,True,We Buy Houses in Gallatin | Get a Fast Cash Offer Today,We Buy Houses in Gallatin TN | Get a Fast Cash Offer Today,We buy houses in Gallatin  for cash No repairs no agents no fees Just a fast hassle-free sale Get a cash offer on your home today,"We buy houses in Gallatin for cash. No repairs, no agents, no fees. Just a fast, hassle-free sale. Get a cash offer on your home today.",Sell Your House For Cash In Gallatin,Sell Your House For Cash In Gallatin,https://www.tennesseecashforhomes.com/where-we-buy/gallatin,https://nationcfh.wpcomstaging.com/where-we-buy/gallatin/,TITLE_MISMATCH|META_MISMATCH
/where-we-buy/gibson-county,False,True,,We Buy Houses in Gibson County TN | Fast Cash Offers,,"We buy houses in Gibson County Tennessee for cash. No repairs, no agents, no fees. Get a fair cash offer in 24 hours and close on your timeline.",,Sell Your House Fast For Cash in Gibson County TN,,https://nationcfh.wpcomstaging.com/where-we-buy/gibson-county/,NEW_ON_WP
/where-we-buy/greene-county,False,True,,We Buy Houses in Greene County TN | Fast Cash Offers,,"We buy houses in Greene County Tennessee for cash. No repairs, no agents, no fees. Get a fair cash offer in 24 hours and close on your timeline.",,Sell Your House Fast For Cash in Greene County TN,,https://nationcfh.wpcomstaging.com/where-we-buy/greene-county/,NEW_ON_WP
/where-we-buy/hamilton-county,False,True,,We Buy Houses in Hamilton County TN | Fast Cash Offers,,"We buy houses in Hamilton County Tennessee for cash. No repairs, no agents, no fees. Get a fair cash offer in 24 hours and close on your timeline.",,Sell Your House Fast For Cash in Hamilton County,,https://nationcfh.wpcomstaging.com/where-we-buy/hamilton-county/,NEW_ON_WP
/where-we-buy/hawkins-county,False,True,,We Buy Houses in Hawkins County TN | Fast Cash Offers,,"We buy houses in Hawkins County Tennessee for cash. No repairs, no agents, no fees. Get a fair cash offer in 24 hours and close on your timeline.",,Sell Your House Fast For Cash in Hawkins County TN,,https://nationcfh.wpcomstaging.com/where-we-buy/hawkins-county/,NEW_ON_WP
/where-we-buy/hendersonville,True,True,We Buy Houses in Hendersonville | Get a Fast Cash Offer Today,We Buy Houses in Hendersonville TN | Get a Fast Cash Offer Today,We buy houses in Hendersonville  for cash No repairs no agents no fees Just a fast hassle-free sale Get a cash offer on your home today,"We buy houses in Hendersonville for cash. No repairs, no agents, no fees. Just a fast, hassle-free sale. Get a cash offer on your home today.",Sell Your House For Cash In Hendersonville,Sell Your House For Cash In Hendersonville,https://www.tennesseecashforhomes.com/where-we-buy/hendersonville,https://nationcfh.wpcomstaging.com/where-we-buy/hendersonville/,TITLE_MISMATCH|META_MISMATCH
/where-we-buy/hickman-county,False,True,,We Buy Houses in Hickman County TN | Fast Cash Offers,,"We buy houses in Hickman County Tennessee for cash. No repairs, no agents, no fees. Get a fair cash offer in 24 hours and close on your timeline.",,Sell Your House Fast For Cash in Hickman County TN,,https://nationcfh.wpcomstaging.com/where-we-buy/hickman-county/,NEW_ON_WP
/where-we-buy/houston-county,False,True,,We Buy Houses in Houston County TN | Fast Cash Offers,,"We buy houses in Houston County Tennessee for cash. No repairs, no agents, no fees. Get a fair cash offer in 24 hours and close on your timeline.",,Sell Your House Fast For Cash in Houston County TN,,https://nationcfh.wpcomstaging.com/where-we-buy/houston-county/,NEW_ON_WP
/where-we-buy/humphreys-county,False,True,,We Buy Houses in Humphreys County TN | Fast Cash Offers,,"We buy houses in Humphreys County Tennessee for cash. No repairs, no agents, no fees. Get a fair cash offer in 24 hours and close on your timeline.",,Sell Your House Fast For Cash in Humphreys County TN,,https://nationcfh.wpcomstaging.com/where-we-buy/humphreys-county/,NEW_ON_WP
/where-we-buy/jackson,True,True,We Buy Houses in Jackson | Get a Fast Cash Offer Today,We Buy Houses in Jackson TN | Get a Fast Cash Offer Today,We buy houses in Jackson  for cash No repairs no agents no fees Just a fast hassle-free sale Get a cash offer on your home today,"We buy houses in Jackson for cash. No repairs, no agents, no fees. Just a fast, hassle-free sale. Get a cash offer on your home today.",Sell Your House For Cash In Jackson,Sell Your House For Cash In Jackson,https://www.tennesseecashforhomes.com/where-we-buy/jackson,https://nationcfh.wpcomstaging.com/where-we-buy/jackson/,TITLE_MISMATCH|META_MISMATCH
/where-we-buy/knox-county,False,True,,We Buy Houses in Knox County TN | Fast Cash Offers,,"We buy houses in Knox County Tennessee for cash. No repairs, no agents, no fees. Get a fair cash offer in 24 hours and close on your timeline.",,Sell Your House Fast For Cash in Knox County,,https://nationcfh.wpcomstaging.com/where-we-buy/knox-county/,NEW_ON_WP
/where-we-buy/knoxville,True,True,We Buy Houses in Knoxville | Get a Fast Cash Offer Today,We Buy Houses in Knoxville TN | Get a Fast Cash Offer Today,We buy houses in Knoxville  for cash No repairs no agents no fees Just a fast hassle-free sale Get a cash offer on your home today,"We buy houses in Knoxville for cash. No repairs, no agents, no fees. Just a fast, hassle-free sale. Get a cash offer on your home today.",Sell Your House For Cash In Knoxville,Sell Your House For Cash In Knoxville,https://www.tennesseecashforhomes.com/where-we-buy/knoxville,https://nationcfh.wpcomstaging.com/where-we-buy/knoxville/,TITLE_MISMATCH|META_MISMATCH
/where-we-buy/la-vergne,True,True,We Buy Houses in La Vergne | Get a Fast Cash Offer Today,We Buy Houses in La Vergne TN | Get a Fast Cash Offer Today,We buy houses in La Vergne  for cash No repairs no agents no fees Just a fast hassle-free sale Get a cash offer on your home today,"We buy houses in La Vergne for cash. No repairs, no agents, no fees. Just a fast, hassle-free sale. Get a cash offer on your home today.",Sell Your House For Cash In La Vergne,Sell Your House For Cash In La Vergne,https://www.tennesseecashforhomes.com/where-we-buy/la-vergne,https://nationcfh.wpcomstaging.com/where-we-buy/la-vergne/,TITLE_MISMATCH|META_MISMATCH
/where-we-buy/lawrence-county,False,True,,We Buy Houses in Lawrence County TN | Fast Cash Offers,,"We buy houses in Lawrence County Tennessee for cash. No repairs, no agents, no fees. Get a fair cash offer in 24 hours and close on your timeline.",,Sell Your House Fast For Cash in Lawrence County TN,,https://nationcfh.wpcomstaging.com/where-we-buy/lawrence-county/,NEW_ON_WP
/where-we-buy/lebanon,True,True,We Buy Houses in Lebanon | Get a Fast Cash Offer Today,We Buy Houses in Lebanon TN | Get a Fast Cash Offer Today,We buy houses in Lebanon  for cash No repairs no agents no fees Just a fast hassle-free sale Get a cash offer on your home today,"We buy houses in Lebanon for cash. No repairs, no agents, no fees. Just a fast, hassle-free sale. Get a cash offer on your home today.",Sell Your House For Cash In Lebanon,Sell Your House For Cash In Lebanon,https://www.tennesseecashforhomes.com/where-we-buy/lebanon,https://nationcfh.wpcomstaging.com/where-we-buy/lebanon/,TITLE_MISMATCH|META_MISMATCH
/where-we-buy/lewis-county,False,True,,We Buy Houses in Lewis County TN | Fast Cash Offers,,"We buy houses in Lewis County Tennessee for cash. No repairs, no agents, no fees. Get a fair cash offer in 24 hours and close on your timeline.",,Sell Your House Fast For Cash in Lewis County TN,,https://nationcfh.wpcomstaging.com/where-we-buy/lewis-county/,NEW_ON_WP
/where-we-buy/macon-county,False,True,,We Buy Houses in Macon County TN | Fast Cash Offers,,"We buy houses in Macon County Tennessee for cash. No repairs, no agents, no fees. Get a fair cash offer in 24 hours and close on your timeline.",,Sell Your House Fast For Cash in Macon County TN,,https://nationcfh.wpcomstaging.com/where-we-buy/macon-county/,NEW_ON_WP
/where-we-buy/madison-county,False,True,,We Buy Houses in Madison County TN | Fast Cash Offers,,"We buy houses in Madison County Tennessee for cash. No repairs, no agents, no fees. Get a fair cash offer in 24 hours and close on your timeline.",,Sell Your House Fast For Cash in Madison County,,https://nationcfh.wpcomstaging.com/where-we-buy/madison-county/,NEW_ON_WP
/where-we-buy/marshall-county,False,True,,We Buy Houses in Marshall County TN | Fast Cash Offers,,"We buy houses in Marshall County Tennessee for cash. No repairs, no agents, no fees. Get a fair cash offer in 24 hours and close on your timeline.",,Sell Your House Fast For Cash in Marshall County TN,,https://nationcfh.wpcomstaging.com/where-we-buy/marshall-county/,NEW_ON_WP
/where-we-buy/maury-county,False,True,,We Buy Houses in Maury County TN | Fast Cash Offers,,"We buy houses in Maury County Tennessee for cash. No repairs, no agents, no fees. Get a fair cash offer in 24 hours and close on your timeline.",,Sell Your House Fast For Cash in Maury County,,https://nationcfh.wpcomstaging.com/where-we-buy/maury-county/,NEW_ON_WP
/where-we-buy/mcminnville,True,True,We Buy Houses in McMinnville | Get a Fast Cash Offer Today,We Buy Houses in McMinnville TN | Get a Fast Cash Offer Today,We buy houses in McMinnville  for cash No repairs no agents no fees Just a fast hassle-free sale Get a cash offer on your home today,"We buy houses in McMinnville for cash. No repairs, no agents, no fees. Just a fast, hassle-free sale. Get a cash offer on your home today.",Sell Your House For Cash In McMinnville,Sell Your House For Cash In McMinnville,https://www.tennesseecashforhomes.com/where-we-buy/mcminnville,https://nationcfh.wpcomstaging.com/where-we-buy/mcminnville/,TITLE_MISMATCH|META_MISMATCH
/where-we-buy/memphis,True,True,We Buy Houses in Memphis | Get a Fast Cash Offer Today,We Buy Houses in Memphis TN | Get a Fast Cash Offer Today,We buy houses in Memphis  for cash No repairs no agents no fees Just a fast hassle-free sale Get a cash offer on your home today,"We buy houses in Memphis for cash. No repairs, no agents, no fees. Just a fast, hassle-free sale. Get a cash offer on your home today.",Sell Your House For Cash In Memphis,Sell Your House For Cash In Memphis,https://www.tennesseecashforhomes.com/where-we-buy/memphis,https://nationcfh.wpcomstaging.com/where-we-buy/memphis/,TITLE_MISMATCH|META_MISMATCH
/where-we-buy/montgomery-county,False,True,,We Buy Houses in Montgomery County TN | Fast Cash Offers,,"We buy houses in Montgomery County Tennessee for cash. No repairs, no agents, no fees. Get a fair cash offer in 24 hours and close on your timeline.",,Sell Your House Fast For Cash in Montgomery County,,https://nationcfh.wpcomstaging.com/where-we-buy/montgomery-county/,NEW_ON_WP
/where-we-buy/murfreesboro,True,True,We Buy Houses in Murfreesboro | Get a Fast Cash Offer Today,We Buy Houses in Murfreesboro TN | Get a Fast Cash Offer Today,We buy houses in Murfreesboro  for cash No repairs no agents no fees Just a fast hassle-free sale Get a cash offer on your home today,"We buy houses in Murfreesboro for cash. No repairs, no agents, no fees. Just a fast, hassle-free sale. Get a cash offer on your home today.",Sell Your House For Cash In Murfreesboro,Sell Your House For Cash In Murfreesboro,https://www.tennesseecashforhomes.com/where-we-buy/murfreesboro,https://nationcfh.wpcomstaging.com/where-we-buy/murfreesboro/,TITLE_MISMATCH|META_MISMATCH
/where-we-buy/nashville,True,True,We Buy Houses in Nashville | Get a Fast Cash Offer Today,We Buy Houses in Nashville TN | Get a Fast Cash Offer Today,We buy houses in Nashville  for cash No repairs no agents no fees Just a fast hassle-free sale Get a cash offer on your home today,"We buy houses in Nashville for cash. No repairs, no agents, no fees. Just a fast, hassle-free sale. Get a cash offer on your home today.",Sell Your House For Cash In Nashville,Sell Your House For Cash In Nashville,https://www.tennesseecashforhomes.com/where-we-buy/nashville,https://nationcfh.wpcomstaging.com/where-we-buy/nashville/,TITLE_MISMATCH|META_MISMATCH
/where-we-buy/old-hickory,True,True,We Buy Houses in Old Hickory | Get a Fast Cash Offer Today,We Buy Houses in Old Hickory TN | Get a Fast Cash Offer Today,We buy houses in Old Hickory  for cash No repairs no agents no fees Just a fast hassle-free sale Get a cash offer on your home today,"We buy houses in Old Hickory for cash. No repairs, no agents, no fees. Just a fast, hassle-free sale. Get a cash offer on your home today.",Sell Your House For Cash In Old Hickory,Sell Your House For Cash In Old Hickory,https://www.tennesseecashforhomes.com/where-we-buy/old-hickory,https://nationcfh.wpcomstaging.com/where-we-buy/old-hickory/,TITLE_MISMATCH|META_MISMATCH
/where-we-buy/perry-county,False,True,,We Buy Houses in Perry County TN | Fast Cash Offers,,"We buy houses in Perry County Tennessee for cash. No repairs, no agents, no fees. Get a fair cash offer in 24 hours and close on your timeline.",,Sell Your House Fast For Cash in Perry County TN,,https://nationcfh.wpcomstaging.com/where-we-buy/perry-county/,NEW_ON_WP
/where-we-buy/robertson-county,False,True,,We Buy Houses in Robertson County TN | Fast Cash Offers,,"We buy houses in Robertson County Tennessee for cash. No repairs, no agents, no fees. Get a fair cash offer in 24 hours and close on your timeline.",,Sell Your House Fast For Cash in Robertson County,,https://nationcfh.wpcomstaging.com/where-we-buy/robertson-county/,NEW_ON_WP
/where-we-buy/rutherford-county,False,True,,We Buy Houses in Rutherford County TN | Fast Cash Offers,,"We buy houses in Rutherford County Tennessee for cash. No repairs, no agents, no fees. Get a fair cash offer in 24 hours and close on your timeline.",,Sell Your House Fast For Cash in Rutherford County,,https://nationcfh.wpcomstaging.com/where-we-buy/rutherford-county/,NEW_ON_WP
/where-we-buy/sevier-county,False,True,,We Buy Houses in Sevier County TN | Fast Cash Offers,,"We buy houses in Sevier County Tennessee for cash. No repairs, no agents, no fees. Get a fair cash offer in 24 hours and close on your timeline.",,Sell Your House Fast For Cash in Sevier County,,https://nationcfh.wpcomstaging.com/where-we-buy/sevier-county/,NEW_ON_WP
/where-we-buy/shelby-county,False,True,,We Buy Houses in Shelby County TN | Fast Cash Offers,,"We buy houses in Shelby County Tennessee for cash. No repairs, no agents, no fees. Get a fair cash offer in 24 hours and close on your timeline.",,Sell Your House Fast For Cash in Shelby County,,https://nationcfh.wpcomstaging.com/where-we-buy/shelby-county/,NEW_ON_WP
/where-we-buy/shelbyville,True,True,We Buy Houses in Shelbyville | Get a Fast Cash Offer Today,We Buy Houses in Shelbyville TN | Get a Fast Cash Offer Today,We buy houses in Shelbyville  for cash No repairs no agents no fees Just a fast hassle-free sale Get a cash offer on your home today,"We buy houses in Shelbyville for cash. No repairs, no agents, no fees. Just a fast, hassle-free sale. Get a cash offer on your home today.",Sell Your House For Cash In Shelbyville,Sell Your House For Cash In Shelbyville,https://www.tennesseecashforhomes.com/where-we-buy/shelbyville,https://nationcfh.wpcomstaging.com/where-we-buy/shelbyville/,TITLE_MISMATCH|META_MISMATCH
/where-we-buy/smith-county,False,True,,We Buy Houses in Smith County TN | Fast Cash Offers,,"We buy houses in Smith County Tennessee for cash. No repairs, no agents, no fees. Get a fair cash offer in 24 hours and close on your timeline.",,Sell Your House Fast For Cash in Smith County TN,,https://nationcfh.wpcomstaging.com/where-we-buy/smith-county/,NEW_ON_WP
/where-we-buy/smyrna,True,True,We Buy Houses in Smyrna | Get a Fast Cash Offer Today,We Buy Houses in Smyrna TN | Get a Fast Cash Offer Today,We buy houses in Smyrna  for cash No repairs no agents no fees Just a fast hassle-free sale Get a cash offer on your home today,"We buy houses in Smyrna for cash. No repairs, no agents, no fees. Just a fast, hassle-free sale. Get a cash offer on your home today.",Sell Your House For Cash In Smyrna,Sell Your House For Cash In Smyrna,https://www.tennesseecashforhomes.com/where-we-buy/smyrna,https://nationcfh.wpcomstaging.com/where-we-buy/smyrna/,TITLE_MISMATCH|META_MISMATCH
/where-we-buy/spring-hill,True,True,We Buy Houses in Spring Hill | Get a Fast Cash Offer Today,We Buy Houses in Spring Hill TN | Get a Fast Cash Offer Today,We buy houses in Spring Hill  for cash No repairs no agents no fees Just a fast hassle-free sale Get a cash offer on your home today,"We buy houses in Spring Hill for cash. No repairs, no agents, no fees. Just a fast, hassle-free sale. Get a cash offer on your home today.",Sell Your House For Cash In Spring Hill,Sell Your House For Cash In Spring Hill,https://www.tennesseecashforhomes.com/where-we-buy/spring-hill,https://nationcfh.wpcomstaging.com/where-we-buy/spring-hill/,TITLE_MISMATCH|META_MISMATCH
/where-we-buy/stewart-county,False,True,,We Buy Houses in Stewart County TN | Fast Cash Offers,,"We buy houses in Stewart County Tennessee for cash. No repairs, no agents, no fees. Get a fair cash offer in 24 hours and close on your timeline.",,Sell Your House Fast For Cash in Stewart County TN,,https://nationcfh.wpcomstaging.com/where-we-buy/stewart-county/,NEW_ON_WP
/where-we-buy/sullivan-county,False,True,,We Buy Houses in Sullivan County TN | Fast Cash Offers,,"We buy houses in Sullivan County Tennessee for cash. No repairs, no agents, no fees. Get a fair cash offer in 24 hours and close on your timeline.",,Sell Your House Fast For Cash in Sullivan County,,https://nationcfh.wpcomstaging.com/where-we-buy/sullivan-county/,NEW_ON_WP
/where-we-buy/sumner-county,False,True,,We Buy Houses in Sumner County TN | Fast Cash Offers,,"We buy houses in Sumner County Tennessee for cash. No repairs, no agents, no fees. Get a fair cash offer in 24 hours and close on your timeline.",,Sell Your House Fast For Cash in Sumner County,,https://nationcfh.wpcomstaging.com/where-we-buy/sumner-county/,NEW_ON_WP
/where-we-buy/tennessee,True,True,We Buy Houses in Tennessee | Get a Fast Cash Offer Today,We Buy Houses in Tennessee TN | Get a Fast Cash Offer Today,We buy houses in Tennessee  for cash No repairs no agents no fees Just a fast hassle-free sale Get a cash offer on your home today,"We buy houses in Tennessee for cash. No repairs, no agents, no fees. Just a fast, hassle-free sale. Get a cash offer on your home today.",Sell Your House For Cash In Tennessee,Sell Your House For Cash In Tennessee,https://www.tennesseecashforhomes.com/where-we-buy/tennessee,https://nationcfh.wpcomstaging.com/where-we-buy/tennessee/,TITLE_MISMATCH|META_MISMATCH
/where-we-buy/tipton-county,False,True,,We Buy Houses in Tipton County TN | Fast Cash Offers,,"We buy houses in Tipton County Tennessee for cash. No repairs, no agents, no fees. Get a fair cash offer in 24 hours and close on your timeline.",,Sell Your House Fast For Cash in Tipton County TN,,https://nationcfh.wpcomstaging.com/where-we-buy/tipton-county/,NEW_ON_WP
/where-we-buy/trousdale-county,False,True,,We Buy Houses in Trousdale County TN | Fast Cash Offers,,"We buy houses in Trousdale County Tennessee for cash. No repairs, no agents, no fees. Get a fair cash offer in 24 hours and close on your timeline.",,Sell Your House Fast For Cash in Trousdale County TN,,https://nationcfh.wpcomstaging.com/where-we-buy/trousdale-county/,NEW_ON_WP
/where-we-buy/warren-county,False,True,,We Buy Houses in Warren County TN | Fast Cash Offers,,"We buy houses in Warren County Tennessee for cash. No repairs, no agents, no fees. Get a fair cash offer in 24 hours and close on your timeline.",,Sell Your House Fast For Cash in Warren County TN,,https://nationcfh.wpcomstaging.com/where-we-buy/warren-county/,NEW_ON_WP
/where-we-buy/washington-county,False,True,,We Buy Houses in Washington County TN | Fast Cash Offers,,"We buy houses in Washington County Tennessee for cash. No repairs, no agents, no fees. Get a fair cash offer in 24 hours and close on your timeline.",,Sell Your House Fast For Cash in Washington County,,https://nationcfh.wpcomstaging.com/where-we-buy/washington-county/,NEW_ON_WP
/where-we-buy/williamson-county,False,True,,We Buy Houses in Williamson County TN | Fast Cash Offers,,"We buy houses in Williamson County Tennessee for cash. No repairs, no agents, no fees. Get a fair cash offer in 24 hours and close on your timeline.",,Sell Your House Fast For Cash in Williamson County,,https://nationcfh.wpcomstaging.com/where-we-buy/williamson-county/,NEW_ON_WP
/where-we-buy/wilson-county,False,True,,We Buy Houses in Wilson County TN | Fast Cash Offers,,"We buy houses in Wilson County Tennessee for cash. No repairs, no agents, no fees. Get a fair cash offer in 24 hours and close on your timeline.",,Sell Your House Fast For Cash in Wilson County,,https://nationcfh.wpcomstaging.com/where-we-buy/wilson-county/,NEW_ON_WP
/where-we-buy/woodbury,True,True,We Buy Houses in Woodbury | Get a Fast Cash Offer Today,We Buy Houses in Woodbury TN | Get a Fast Cash Offer Today,We buy houses in Woodbury  for cash No repairs no agents no fees Just a fast hassle-free sale Get a cash offer on your home today,"We buy houses in Woodbury for cash. No repairs, no agents, no fees. Just a fast, hassle-free sale. Get a cash offer on your home today.",Sell Your House For Cash In Woodbury,Sell Your House For Cash In Woodbury,https://www.tennesseecashforhomes.com/where-we-buy/woodbury,https://nationcfh.wpcomstaging.com/where-we-buy/woodbury/,TITLE_MISMATCH|META_MISMATCH
/why-2025-is-the-best-year-to-sell-your-home-with-tennessee-cash-for-homes,False,True,,Tennessee Cash For Homes | Sell Your House Fast for Cash,,"Sell your Tennessee house fast for cash. No repairs, no fees, no commissions. Get a fair all-cash offer in 24 hours. Close in as little as 7 days. Family-owned Tennessee home buyers.",,Sell Your House Fast For Cash! | We Buy Houses As-Is for Cash,,https://nationcfh.wpcomstaging.com/,NEW_ON_WP
/why-cash-for-homes-is-the-easiest-way-to-sell-your-property-in-tennessee,False,True,,Tennessee Cash For Homes | Sell Your House Fast for Cash,,"Sell your Tennessee house fast for cash. No repairs, no fees, no commissions. Get a fair all-cash offer in 24 hours. Close in as little as 7 days. Family-owned Tennessee home buyers.",,Sell Your House Fast For Cash! | We Buy Houses As-Is for Cash,,https://nationcfh.wpcomstaging.com/,NEW_ON_WP
/why-selling-your-house-for-cash-in-tennessee-is-the-smart-choice,False,True,,Tennessee Cash For Homes | Sell Your House Fast for Cash,,"Sell your Tennessee house fast for cash. No repairs, no fees, no commissions. Get a fair all-cash offer in 24 hours. Close in as little as 7 days. Family-owned Tennessee home buyers.",,Sell Your House Fast For Cash! | We Buy Houses As-Is for Cash,,https://nationcfh.wpcomstaging.com/,NEW_ON_WP
/why-selling-your-house-quickly-might-be-your-best-option,False,True,,Tennessee Cash For Homes | Sell Your House Fast for Cash,,"Sell your Tennessee house fast for cash. No repairs, no fees, no commissions. Get a fair all-cash offer in 24 hours. Close in as little as 7 days. Family-owned Tennessee home buyers.",,Sell Your House Fast For Cash! | We Buy Houses As-Is for Cash,,https://nationcfh.wpcomstaging.com/,NEW_ON_WP
/why-tennessee-cash-for-homes-is-the-best-choice-for-selling-your-home-in-tennessee,False,True,,Tennessee Cash For Homes | Sell Your House Fast for Cash,,"Sell your Tennessee house fast for cash. No repairs, no fees, no commissions. Get a fair all-cash offer in 24 hours. Close in as little as 7 days. Family-owned Tennessee home buyers.",,Sell Your House Fast For Cash! | We Buy Houses As-Is for Cash,,https://nationcfh.wpcomstaging.com/,NEW_ON_WP
/why-tennessee-cash-for-homes-is-your-best-choice-for-selling-ugly-houses,False,True,,Tennessee Cash For Homes | Sell Your House Fast for Cash,,"Sell your Tennessee house fast for cash. No repairs, no fees, no commissions. Get a fair all-cash offer in 24 hours. Close in as little as 7 days. Family-owned Tennessee home buyers.",,Sell Your House Fast For Cash! | We Buy Houses As-Is for Cash,,https://nationcfh.wpcomstaging.com/,NEW_ON_WP
/why-tennessee-homeowners-are-choosing-cash-sales-insights-from-tennessee-cash-for-homes,False,True,,Tennessee Cash For Homes | Sell Your House Fast for Cash,,"Sell your Tennessee house fast for cash. No repairs, no fees, no commissions. Get a fair all-cash offer in 24 hours. Close in as little as 7 days. Family-owned Tennessee home buyers.",,Sell Your House Fast For Cash! | We Buy Houses As-Is for Cash,,https://nationcfh.wpcomstaging.com/,NEW_ON_WP
/zillow_is_lying,False,True,,Tennessee Cash For Homes | Sell Your House Fast for Cash,,"Sell your Tennessee house fast for cash. No repairs, no fees, no commissions. Get a fair all-cash offer in 24 hours. Close in as little as 7 days. Family-owned Tennessee home buyers.",,Sell Your House Fast For Cash! | We Buy Houses As-Is for Cash,,https://nationcfh.wpcomstaging.com/,NEW_ON_WP
